-- --------------------------------------------------------
-- Servidor:                     127.0.0.1
-- Versão do servidor:           10.4.32-MariaDB - mariadb.org binary distribution
-- OS do Servidor:               Win64
-- HeidiSQL Versão:              12.8.0.6908
-- --------------------------------------------------------

/*!40101 SET @OLD_CHARACTER_SET_CLIENT=@@CHARACTER_SET_CLIENT */;
/*!40101 SET NAMES utf8 */;
/*!50503 SET NAMES utf8mb4 */;
/*!40103 SET @OLD_TIME_ZONE=@@TIME_ZONE */;
/*!40103 SET TIME_ZONE='+00:00' */;
/*!40014 SET @OLD_FOREIGN_KEY_CHECKS=@@FOREIGN_KEY_CHECKS, FOREIGN_KEY_CHECKS=0 */;
/*!40101 SET @OLD_SQL_MODE=@@SQL_MODE, SQL_MODE='NO_AUTO_VALUE_ON_ZERO' */;
/*!40111 SET @OLD_SQL_NOTES=@@SQL_NOTES, SQL_NOTES=0 */;


-- Copiando estrutura do banco de dados para ectlg
CREATE DATABASE IF NOT EXISTS `ectlg` /*!40100 DEFAULT CHARACTER SET utf8mb4 COLLATE utf8mb4_general_ci */;
USE `ectlg`;

-- Copiando estrutura para tabela ectlg.brands
CREATE TABLE IF NOT EXISTS `brands` (
  `id` int(11) NOT NULL AUTO_INCREMENT,
  `name` varchar(45) NOT NULL,
  `created_at` timestamp NOT NULL DEFAULT current_timestamp(),
  `updated_at` timestamp NULL DEFAULT NULL,
  `deleted_at` timestamp NULL DEFAULT NULL,
  `company_id` int(11) NOT NULL,
  `min_value` double DEFAULT NULL,
  `min_installments_value` double DEFAULT NULL,
  `order_skus` varchar(100) DEFAULT NULL,
  `visible` tinyint(4) DEFAULT NULL,
  `deleted` tinyint(4) DEFAULT NULL,
  `cnpj` varchar(14) DEFAULT NULL,
  PRIMARY KEY (`id`)
) ENGINE=InnoDB AUTO_INCREMENT=129 DEFAULT CHARSET=utf8mb4 COLLATE=utf8mb4_general_ci;

-- Copiando dados para a tabela ectlg.brands: ~16 rows (aproximadamente)
INSERT IGNORE INTO `brands` (`id`, `name`, `created_at`, `updated_at`, `deleted_at`, `company_id`, `min_value`, `min_installments_value`, `order_skus`, `visible`, `deleted`, `cnpj`) VALUES
	(11, 'Marca Moda', '2024-06-12 14:43:53', NULL, NULL, 31, 0, 0, NULL, 1, 0, NULL),
	(12, 'Marca útil', '2024-06-12 14:43:53', NULL, NULL, 31, 0, 0, NULL, 1, 0, NULL),
	(13, 'Esculturas', '2024-06-12 14:43:53', NULL, NULL, 31, 0, 0, NULL, 1, 0, NULL),
	(115, 'MOSAICO', '2024-09-03 13:17:58', NULL, NULL, 31, 0, 0, NULL, 1, 0, NULL),
	(117, 'TESTE', '2024-09-03 16:25:32', NULL, NULL, 31, 0, 0, NULL, 1, 0, NULL),
	(118, 'Teste2', '2024-09-03 16:28:54', NULL, NULL, 31, 0, 0, NULL, 1, 0, NULL),
	(119, 'Teste3', '2024-09-03 16:36:13', NULL, NULL, 31, 0, 0, NULL, 1, 0, NULL),
	(120, 'TESTE1', '2024-09-03 16:36:55', NULL, NULL, 31, 0, 0, NULL, 1, 0, NULL),
	(121, 'TESTE4', '2024-09-03 16:51:26', NULL, NULL, 31, 0, 0, NULL, 1, 0, NULL),
	(122, 'TESTE5', '2024-09-03 16:54:17', NULL, NULL, 31, 0, 0, NULL, 1, 0, NULL),
	(123, 'TESTE6', '2024-09-03 16:59:47', NULL, NULL, 31, 0, 0, NULL, 1, 0, NULL),
	(124, 'TESTE8', '2024-09-03 17:01:56', NULL, NULL, 31, 0, 0, NULL, 1, 0, NULL),
	(125, 'Teste100', '2024-09-03 17:03:59', NULL, NULL, 31, 0, 0, NULL, 1, 0, NULL),
	(126, 'TESTE666', '2024-09-03 17:11:24', NULL, NULL, 31, 0, 0, NULL, 1, 0, NULL),
	(127, 'TESTE333', '2024-09-03 17:14:01', NULL, NULL, 31, 0, 0, NULL, 1, 0, NULL),
	(128, 'TESTE777', '2024-09-03 17:15:13', NULL, NULL, 31, 0, 0, NULL, 1, 0, NULL);

-- Copiando estrutura para tabela ectlg.colors
CREATE TABLE IF NOT EXISTS `colors` (
  `id` int(11) NOT NULL AUTO_INCREMENT,
  `name` varchar(50) NOT NULL,
  `rgb` varchar(11) DEFAULT NULL,
  `hex_code` varchar(10) DEFAULT NULL,
  `deleted` int(11) NOT NULL DEFAULT 0,
  `created_at` timestamp NOT NULL DEFAULT current_timestamp(),
  `updated_at` timestamp NULL DEFAULT current_timestamp() ON UPDATE current_timestamp(),
  `product_id` int(11) NOT NULL,
  PRIMARY KEY (`id`)
) ENGINE=InnoDB AUTO_INCREMENT=9826 DEFAULT CHARSET=utf8mb4 COLLATE=utf8mb4_general_ci;

-- Copiando dados para a tabela ectlg.colors: ~8 rows (aproximadamente)
INSERT IGNORE INTO `colors` (`id`, `name`, `rgb`, `hex_code`, `deleted`, `created_at`, `updated_at`, `product_id`) VALUES
	(533, 'Vermelho', NULL, 'd93300', 0, '2024-04-30 17:08:46', NULL, 452),
	(9819, 'PRETO/VERMELHO', NULL, '000000', 0, '2024-05-02 13:14:13', NULL, 7039),
	(9820, 'AZUL', NULL, '3b1ebd', 0, '2024-05-02 13:14:13', NULL, 7053),
	(9821, 'PRETO/VERMELHO', NULL, '000000', 0, '2024-05-02 13:14:13', NULL, 7054),
	(9822, 'Cinza', NULL, '575757', 0, '2024-05-02 13:14:14', NULL, 7056),
	(9823, 'MESCLA ESCURO', NULL, 'ababab', 0, '2024-05-02 13:14:14', NULL, 7062),
	(9824, 'Cinza', NULL, '575757', 0, '2024-05-02 13:14:14', NULL, 7064),
	(9825, 'PRETO/VERMELHO', NULL, '000000', 0, '2024-05-02 13:14:14', NULL, 7062);

-- Copiando estrutura para tabela ectlg.companies
CREATE TABLE IF NOT EXISTS `companies` (
  `id` int(11) NOT NULL AUTO_INCREMENT,
  `name` varchar(100) NOT NULL,
  `mail` text DEFAULT NULL,
  `cnpj` varchar(14) DEFAULT NULL,
  `key` int(11) NOT NULL,
  `login` varchar(150) NOT NULL,
  `pass` varchar(200) NOT NULL,
  `api_key` varchar(45) NOT NULL,
  `created_at` timestamp NOT NULL DEFAULT current_timestamp(),
  `updated_at` timestamp NULL DEFAULT NULL,
  `deleted` tinyint(4) DEFAULT NULL,
  PRIMARY KEY (`id`)
) ENGINE=InnoDB AUTO_INCREMENT=32 DEFAULT CHARSET=utf8mb4 COLLATE=utf8mb4_general_ci;

-- Copiando dados para a tabela ectlg.companies: ~0 rows (aproximadamente)
INSERT IGNORE INTO `companies` (`id`, `name`, `mail`, `cnpj`, `key`, `login`, `pass`, `api_key`, `created_at`, `updated_at`, `deleted`) VALUES
	(31, 'Inovações Luminar', 'info@inovacoesluminar.com.br', '23456789000188', 2007, 'luminarUser', '$2b$10$oYm6HnoM2iU44gKerQzY1.Aq6pjxJ4RxoyDXmYhIk55IZyA.QnIHy', 'c7cb89f2-7faa-4903-a87d-4040d6f36e5f', '2024-04-12 14:11:57', NULL, 0);

-- Copiando estrutura para tabela ectlg.images
CREATE TABLE IF NOT EXISTS `images` (
  `id` int(11) NOT NULL AUTO_INCREMENT,
  `path` varchar(255) NOT NULL,
  `order` tinyint(4) NOT NULL,
  `company_key` varchar(4) DEFAULT NULL,
  `product_id` int(11) NOT NULL,
  `deleted` int(11) NOT NULL DEFAULT 0,
  `created_at` timestamp NOT NULL DEFAULT current_timestamp(),
  `updated_at` timestamp NULL DEFAULT current_timestamp() ON UPDATE current_timestamp(),
  PRIMARY KEY (`id`)
) ENGINE=InnoDB AUTO_INCREMENT=113833 DEFAULT CHARSET=utf8mb4 COLLATE=utf8mb4_general_ci;

-- Copiando dados para a tabela ectlg.images: ~167 rows (aproximadamente)
INSERT IGNORE INTO `images` (`id`, `path`, `order`, `company_key`, `product_id`, `deleted`, `created_at`, `updated_at`) VALUES
	(530, '9909-1714496940006.jpg', 1, '2007', 452, 0, '2024-04-30 17:09:00', NULL),
	(531, '9909-1714496940343.jpg', 2, '2007', 452, 0, '2024-04-30 17:09:00', NULL),
	(34403, '2-1714656148279.jpg', 1, '2007', 7053, 0, '2024-05-02 13:22:29', NULL),
	(34404, '4-1714656148476.jpg', 1, '2007', 7064, 0, '2024-05-02 13:22:29', NULL),
	(34405, '9-1714656148611.jpg', 1, '2007', 7056, 0, '2024-05-02 13:22:29', NULL),
	(34406, '9-1714656148744.jpg', 2, '2007', 7056, 0, '2024-05-02 13:22:29', NULL),
	(34407, '200-1714656148784.jpg', 1, '2007', 7071, 0, '2024-05-02 13:22:29', NULL),
	(34408, '201-1714656164106.jpg', 1, '2007', 7066, 0, '2024-05-02 13:22:45', NULL),
	(34409, '202-1714656164608.jpg', 1, '2007', 7069, 0, '2024-05-02 13:22:45', NULL),
	(34410, '203-1714656164834.jpg', 1, '2007', 7041, 0, '2024-05-02 13:22:45', NULL),
	(34412, '300-1714656164985.jpg', 1, '2007', 7051, 0, '2024-05-02 13:22:46', NULL),
	(34413, '301-1714656220303.jpg', 1, '2007', 7048, 0, '2024-05-02 13:23:41', NULL),
	(34414, '302-1714656220783.jpg', 1, '2007', 7037, 0, '2024-05-02 13:23:42', NULL),
	(34415, '303-1714656221056.jpg', 1, '2007', 7074, 0, '2024-05-02 13:23:42', NULL),
	(34416, '304-1714656221194.jpg', 1, '2007', 7065, 0, '2024-05-02 13:23:42', NULL),
	(34417, '305-1714656221469.jpg', 1, '2007', 7068, 0, '2024-05-02 13:23:42', NULL),
	(34418, '306-1714656240157.jpg', 1, '2007', 7075, 0, '2024-05-02 13:24:01', NULL),
	(34419, '500-1714656240796.jpg', 1, '2007', 7052, 0, '2024-05-02 13:24:01', NULL),
	(34420, '501-1714656240893.jpg', 1, '2007', 7057, 0, '2024-05-02 13:24:01', NULL),
	(34421, '502-1714656240931.jpg', 1, '2007', 7047, 0, '2024-05-02 13:24:01', NULL),
	(34422, '503-1714656241028.jpg', 1, '2007', 7060, 0, '2024-05-02 13:24:01', NULL),
	(34423, '504-1714656261691.jpg', 1, '2007', 7050, 0, '2024-05-02 13:24:22', NULL),
	(34424, '700-1714656262303.jpg', 1, '2007', 7044, 0, '2024-05-02 13:24:22', NULL),
	(34425, '701-1714656262304.jpg', 1, '2007', 7049, 0, '2024-05-02 13:24:23', NULL),
	(34426, '702-1714656262345.jpg', 1, '2007', 7045, 0, '2024-05-02 13:24:23', NULL),
	(34427, '703-1714656262440.jpg', 1, '2007', 7076, 0, '2024-05-02 13:24:23', NULL),
	(34428, '704-1714656294449.jpg', 1, '2007', 7042, 0, '2024-05-02 13:24:56', NULL),
	(34429, '705-1714656295229.jpg', 1, '2007', 7061, 0, '2024-05-02 13:24:56', NULL),
	(34430, '706-1714656295400.jpg', 1, '2007', 7035, 0, '2024-05-02 13:24:56', NULL),
	(34431, '800-1714656295538.jpg', 1, '2007', 7040, 0, '2024-05-02 13:24:56', NULL),
	(34432, '801-1714656295676.jpg', 1, '2007', 7063, 0, '2024-05-02 13:24:56', NULL),
	(34433, '802-1714656322004.jpg', 1, '2007', 7073, 0, '2024-05-02 13:25:23', NULL),
	(34434, '803-1714656322339.jpg', 1, '2007', 7032, 0, '2024-05-02 13:25:23', NULL),
	(34435, '804-1714656322745.jpg', 1, '2007', 7046, 0, '2024-05-02 13:25:23', NULL),
	(34436, '805-1714656322883.jpg', 1, '2007', 7059, 0, '2024-05-02 13:25:23', NULL),
	(34437, '900-1714656323023.jpg', 1, '2007', 7043, 0, '2024-05-02 13:25:24', NULL),
	(34438, '901-1714656343827.jpg', 1, '2007', 7038, 0, '2024-05-02 13:25:45', NULL),
	(34439, '902-1714656344352.jpg', 1, '2007', 7034, 0, '2024-05-02 13:25:45', NULL),
	(34440, '903-1714656344728.jpg', 1, '2007', 7070, 0, '2024-05-02 13:25:45', NULL),
	(34441, '1100-1714656344873.jpg', 1, '2007', 7058, 0, '2024-05-02 13:25:45', NULL),
	(34442, '1101-1714656345010.jpg', 1, '2007', 7072, 0, '2024-05-02 13:25:46', NULL),
	(34443, '1102-1714656377245.jpg', 1, '2007', 7067, 0, '2024-05-02 13:26:18', NULL),
	(34444, '9900-1714656378134.jpg', 1, '2007', 7030, 0, '2024-05-02 13:26:18', NULL),
	(34445, '9901-1714656378140.jpg', 1, '2007', 7033, 0, '2024-05-02 13:26:18', NULL),
	(34446, '9902-1714656378271.jpg', 1, '2007', 7055, 0, '2024-05-02 13:26:19', NULL),
	(34449, '7155-1714659688104.jpg', 2, '2007', 7062, 0, '2024-05-02 14:21:28', NULL),
	(34450, '7155-1714659688107.jpg', 3, '2007', 7062, 0, '2024-05-02 14:21:28', NULL),
	(34451, '7155-1714659688077.jpg', 1, '2007', 7062, 0, '2024-05-02 14:21:28', NULL),
	(34455, '7164-1714659770356.jpg', 2, '2007', 7039, 0, '2024-05-02 14:22:50', NULL),
	(34456, '7164-1714659770357.jpg', 3, '2007', 7039, 0, '2024-05-02 14:22:50', NULL),
	(34457, '7164-1714659770354.jpg', 1, '2007', 7039, 0, '2024-05-02 14:22:50', NULL),
	(34458, '7165-1714659789721.jpg', 3, '2007', 7054, 0, '2024-05-02 14:23:09', NULL),
	(34459, '7165-1714659789712.jpg', 1, '2007', 7054, 0, '2024-05-02 14:23:09', NULL),
	(34460, '7165-1714659789717.jpg', 2, '2007', 7054, 0, '2024-05-02 14:23:09', NULL),
	(113410, '2007-1720103428447.jpg', 1, '2007', 56701, 0, '2024-07-04 14:30:29', NULL),
	(113411, '2007-1720104356328.jpg', 1, '2007', 56702, 0, '2024-07-04 14:45:57', NULL),
	(113412, '2007-1720104541206.jpg', 1, '2007', 56703, 0, '2024-07-04 14:49:02', NULL),
	(113413, '2007-1720105892455.jpg', 1, '2007', 56704, 0, '2024-07-04 15:11:33', NULL),
	(113427, '2007-1721064364095.jpg', 2, '2007', 7031, 0, '2024-07-15 17:26:08', NULL),
	(113428, '2007-1721064364096.jpg', 1, '2007', 7031, 0, '2024-07-15 17:26:08', NULL),
	(113721, '2007-1724343724306.jpg', 4, '2007', 7054, 0, '2024-08-22 16:18:15', '2024-08-22 16:22:04'),
	(113722, '2007-1724344351045.jpg', 1, '2007', 56811, 0, '2024-08-22 16:32:31', NULL),
	(113723, '2007-1724344351561.jpg', 2, '2007', 56811, 0, '2024-08-22 16:32:31', NULL),
	(113724, '2007-1724344351722.jpg', 3, '2007', 56811, 0, '2024-08-22 16:32:31', NULL),
	(113725, '2007-1724345398095.jpg', 1, '2007', 56812, 0, '2024-08-22 16:36:09', '2024-08-22 16:49:59'),
	(113726, '2007-1724344569416.jpg', 2, '2007', 56812, 0, '2024-08-22 16:36:09', NULL),
	(113727, '2007-1724344569581.jpg', 3, '2007', 56812, 0, '2024-08-22 16:36:09', NULL),
	(113728, '2007-1724345520046.jpg', 1, '2007', 56813, 0, '2024-08-22 16:52:01', NULL),
	(113729, '2007-1724345520559.jpg', 2, '2007', 56813, 0, '2024-08-22 16:52:01', NULL),
	(113730, '2007-1724345520722.jpg', 3, '2007', 56813, 0, '2024-08-22 16:52:01', NULL),
	(113731, '2007-1724345520885.jpg', 4, '2007', 56813, 0, '2024-08-22 16:52:01', NULL),
	(113732, '2007-1724345713664.jpg', 1, '2007', 56814, 0, '2024-08-22 16:55:14', NULL),
	(113733, '2007-1724345714153.jpg', 2, '2007', 56814, 0, '2024-08-22 16:55:14', NULL),
	(113734, '2007-1724345714477.jpg', 3, '2007', 56814, 0, '2024-08-22 16:55:14', NULL),
	(113735, '2007-1724345827025.jpg', 1, '2007', 56815, 0, '2024-08-22 16:56:18', '2024-08-22 17:10:14'),
	(113736, '2007-1724345777966.jpg', 2, '2007', 56815, 0, '2024-08-22 16:56:18', '2024-08-22 17:10:14'),
	(113737, '2007-1724345778128.jpg', 3, '2007', 56815, 0, '2024-08-22 16:56:18', '2024-08-22 17:10:14'),
	(113738, '2007-1724345778292.jpg', 1, '2007', 56816, 0, '2024-08-22 16:56:18', NULL),
	(113739, '2007-1724345778293.jpg', 2, '2007', 56816, 0, '2024-08-22 16:56:18', NULL),
	(113740, '2007-1724345778453.jpg', 3, '2007', 56816, 0, '2024-08-22 16:56:18', NULL),
	(113741, '2007-1724345963631.jpg', 1, '2007', 56818, 0, '2024-08-22 16:59:24', NULL),
	(113742, '2007-1724345964115.jpg', 2, '2007', 56818, 0, '2024-08-22 16:59:24', NULL),
	(113743, '2007-1724345964277.jpg', 3, '2007', 56818, 0, '2024-08-22 16:59:24', NULL),
	(113744, '2007-1724346030188.jpg', 1, '2007', 56817, 0, '2024-08-22 17:00:31', NULL),
	(113745, '2007-1724346030690.jpg', 2, '2007', 56817, 0, '2024-08-22 17:00:31', NULL),
	(113746, '2007-1724346030853.jpg', 3, '2007', 56817, 0, '2024-08-22 17:00:31', NULL),
	(113747, '2007-1724346431031.jpg', 3, '2007', 7055, 0, '2024-08-22 17:01:11', '2024-08-22 17:07:12'),
	(113748, '2007-1724346070475.jpg', 2, '2007', 7055, 0, '2024-08-22 17:01:11', NULL),
	(113749, '2007-1724346070969.jpg', 3, '2007', 7041, 0, '2024-08-22 17:01:11', NULL),
	(113750, '2007-1724346071301.jpg', 2, '2007', 7041, 0, '2024-08-22 17:01:11', NULL),
	(113751, '2007-1724346380029.jpg', 1, '2007', 56819, 0, '2024-08-22 17:06:20', NULL),
	(113752, '2007-1724346380509.jpg', 2, '2007', 56819, 0, '2024-08-22 17:06:20', NULL),
	(113753, '2007-1724346380836.jpg', 3, '2007', 56819, 0, '2024-08-22 17:06:20', NULL),
	(113754, '2007-1724346430704.jpg', 3, '2007', 7069, 0, '2024-08-22 17:07:12', NULL),
	(113755, '2007-1724346430704.jpg', 2, '2007', 7066, 0, '2024-08-22 17:07:12', NULL),
	(113756, '2007-1724346430704.jpg', 2, '2007', 7069, 0, '2024-08-22 17:07:12', NULL),
	(113757, '2007-1724346430705.jpg', 3, '2007', 7066, 0, '2024-08-22 17:07:12', NULL),
	(113758, '2007-1724347376909.jpg', 1, '2007', 56820, 0, '2024-08-22 17:22:57', NULL),
	(113759, '2007-1724347377438.jpg', 2, '2007', 56820, 0, '2024-08-22 17:22:57', NULL),
	(113760, '2007-1724347377626.jpg', 3, '2007', 56820, 0, '2024-08-22 17:22:57', NULL),
	(113761, '2007-1724347377720.jpg', 4, '2007', 56820, 0, '2024-08-22 17:22:57', NULL),
	(113762, '2007-1724352588279.jpg', 1, '2007', 56821, 0, '2024-08-22 18:49:50', NULL),
	(113763, '2007-1724352588741.jpg', 2, '2007', 56821, 0, '2024-08-22 18:49:50', NULL),
	(113764, '2007-1724352588905.jpg', 3, '2007', 56821, 0, '2024-08-22 18:49:50', NULL),
	(113765, '2007-1724352588960.jpg', 1, '2007', 56822, 0, '2024-08-22 18:49:50', NULL),
	(113766, '2007-1724352589068.jpg', 1, '2007', 56823, 0, '2024-08-22 18:49:50', NULL),
	(113767, '2007-1724352589126.jpg', 2, '2007', 56823, 0, '2024-08-22 18:49:50', NULL),
	(113768, '2007-1724352589231.jpg', 3, '2007', 56823, 0, '2024-08-22 18:49:50', NULL),
	(113769, '2007-1724352589284.jpg', 1, '2007', 56824, 0, '2024-08-22 18:49:50', NULL),
	(113770, '2007-1724352589286.jpg', 2, '2007', 56824, 0, '2024-08-22 18:49:50', NULL),
	(113771, '2007-1724352589290.jpg', 3, '2007', 56824, 0, '2024-08-22 18:49:50', NULL),
	(113772, '2007-1724352589303.jpg', 1, '2007', 56825, 0, '2024-08-22 18:49:50', NULL),
	(113773, '2007-1724352589392.jpg', 2, '2007', 56825, 0, '2024-08-22 18:49:50', NULL),
	(113774, '2007-1724352589393.jpg', 3, '2007', 56825, 0, '2024-08-22 18:49:50', NULL),
	(113775, '2007-1724352589397.jpg', 1, '2007', 56826, 0, '2024-08-22 18:49:50', NULL),
	(113776, '2007-1724352589446.jpg', 2, '2007', 56826, 0, '2024-08-22 18:49:50', NULL),
	(113777, '2007-1724352589451.jpg', 3, '2007', 56826, 0, '2024-08-22 18:49:50', NULL),
	(113778, '2007-1724352589452.jpg', 4, '2007', 56826, 0, '2024-08-22 18:49:50', NULL),
	(113779, '2007-1724352589452.jpg', 1, '2007', 56827, 0, '2024-08-22 18:49:50', NULL),
	(113780, '2007-1724352589465.jpg', 2, '2007', 56827, 0, '2024-08-22 18:49:50', NULL),
	(113781, '2007-1724352589553.jpg', 3, '2007', 56827, 0, '2024-08-22 18:49:50', NULL),
	(113782, '2007-1724352589555.jpg', 1, '2007', 56828, 0, '2024-08-22 18:49:50', NULL),
	(113783, '2007-1724352589558.jpg', 2, '2007', 56828, 0, '2024-08-22 18:49:50', NULL),
	(113784, '2007-1724352589609.jpg', 3, '2007', 56828, 0, '2024-08-22 18:49:50', NULL),
	(113785, '2007-1724352589610.jpg', 1, '2007', 56829, 0, '2024-08-22 18:49:50', NULL),
	(113786, '2007-1724352589612.jpg', 2, '2007', 56829, 0, '2024-08-22 18:49:50', NULL),
	(113787, '2007-1724352589615.jpg', 1, '2007', 56830, 0, '2024-08-22 18:49:50', NULL),
	(113788, '2007-1724352589617.jpg', 2, '2007', 56830, 0, '2024-08-22 18:49:50', NULL),
	(113789, '2007-1724352589629.jpg', 3, '2007', 56830, 0, '2024-08-22 18:49:50', NULL),
	(113790, '2007-1724352589634.jpg', 1, '2007', 56831, 0, '2024-08-22 18:49:50', NULL),
	(113791, '2007-1724352589712.jpg', 2, '2007', 56831, 0, '2024-08-22 18:49:50', NULL),
	(113792, '2007-1724352589714.jpg', 1, '2007', 56832, 0, '2024-08-22 18:49:50', NULL),
	(113793, '2007-1724352589719.jpg', 2, '2007', 56832, 0, '2024-08-22 18:49:50', NULL),
	(113794, '2007-1724352589721.jpg', 3, '2007', 56832, 0, '2024-08-22 18:49:50', NULL),
	(113795, '2007-1724352589778.jpg', 1, '2007', 56833, 0, '2024-08-22 18:49:50', NULL),
	(113796, '2007-1724352589779.jpg', 2, '2007', 56833, 0, '2024-08-22 18:49:50', NULL),
	(113797, '2007-1724352589780.jpg', 1, '2007', 56834, 0, '2024-08-22 18:49:50', NULL),
	(113798, '2007-1724352589785.jpg', 2, '2007', 56834, 0, '2024-08-22 18:49:50', NULL),
	(113799, '2007-1724352589787.jpg', 1, '2007', 56835, 0, '2024-08-22 18:49:50', NULL),
	(113800, '2007-1724352589794.jpg', 2, '2007', 56835, 0, '2024-08-22 18:49:50', NULL),
	(113801, '2007-1724352589875.jpg', 3, '2007', 56835, 0, '2024-08-22 18:49:50', NULL),
	(113802, '2007-1724352589876.jpg', 1, '2007', 56836, 0, '2024-08-22 18:49:50', NULL),
	(113803, '2007-1724352589880.jpg', 2, '2007', 56836, 0, '2024-08-22 18:49:50', NULL),
	(113804, '2007-1724352589883.jpg', 1, '2007', 56837, 0, '2024-08-22 18:49:50', NULL),
	(113805, '2007-1724352589928.jpg', 2, '2007', 56837, 0, '2024-08-22 18:49:50', NULL),
	(113806, '2007-1724352589939.jpg', 1, '2007', 56838, 0, '2024-08-22 18:49:50', NULL),
	(113807, '2007-1724352589940.jpg', 2, '2007', 56838, 0, '2024-08-22 18:49:50', NULL),
	(113808, '2007-1724352589941.jpg', 1, '2007', 56839, 0, '2024-08-22 18:49:50', NULL),
	(113809, '2007-1724352589944.jpg', 2, '2007', 56839, 0, '2024-08-22 18:49:50', NULL),
	(113810, '2007-1724352589952.jpg', 1, '2007', 56840, 0, '2024-08-22 18:49:50', NULL),
	(113811, '2007-1724352589957.jpg', 2, '2007', 56840, 0, '2024-08-22 18:49:50', NULL),
	(113812, '2007-1724352589963.jpg', 1, '2007', 56841, 0, '2024-08-22 18:49:50', NULL),
	(113813, '2007-1724352589964.jpg', 2, '2007', 56841, 0, '2024-08-22 18:49:50', NULL),
	(113816, '2000-1725370299937.jpg', 1, '2000', 56854, 0, '2024-09-03 13:18:26', '2024-09-03 13:31:40'),
	(113820, '2007-1725372186255.jpg', 1, '2007', 56856, 0, '2024-09-03 14:03:07', NULL),
	(113821, '2007-1725373243990.jpg', 1, '2007', 56857, 0, '2024-09-03 14:20:44', NULL),
	(113822, '2007-1725375138592.jpg', 1, '2007', 56858, 0, '2024-09-03 14:52:19', NULL),
	(113823, '2007-1725380587530.jpg', 1, '2007', 56860, 0, '2024-09-03 16:23:08', NULL),
	(113824, '2007-1725380826756.jpg', 1, '2007', 56861, 0, '2024-09-03 16:27:06', NULL),
	(113825, '2007-1725381050559.jpg', 1, '2007', 56863, 0, '2024-09-03 16:30:50', NULL),
	(113826, '2007-1725381302186.jpg', 1, '2007', 56864, 0, '2024-09-03 16:35:02', NULL),
	(113827, '2007-1725381380669.jpg', 1, '2007', 56866, 0, '2024-09-03 16:36:20', NULL),
	(113828, '2007-1725382916961.jpg', 1, '2007', 56874, 0, '2024-09-03 17:01:57', NULL),
	(113829, '2007-1725383039087.jpg', 1, '2007', 56875, 0, '2024-09-03 17:03:59', NULL),
	(113830, '2007-1725383075476.jpg', 1, '2007', 56876, 0, '2024-09-03 17:04:35', NULL),
	(113831, '2007-1725383484905.jpg', 1, '2007', 56877, 0, '2024-09-03 17:11:25', NULL),
	(113832, '2007-1725383641482.jpg', 1, '2007', 56878, 0, '2024-09-03 17:14:01', NULL);

-- Copiando estrutura para tabela ectlg.products
CREATE TABLE IF NOT EXISTS `products` (
  `id` int(11) NOT NULL AUTO_INCREMENT,
  `name` varchar(255) NOT NULL,
  `reference` varchar(30) NOT NULL,
  `price` int(11) DEFAULT NULL,
  `stock` int(11) DEFAULT NULL,
  `brand` varchar(100) DEFAULT NULL,
  `type` varchar(255) DEFAULT NULL,
  `gender` varchar(50) DEFAULT NULL,
  `category` varchar(50) DEFAULT NULL,
  `subcategory` varchar(50) DEFAULT NULL,
  `prompt_delivery` tinyint(4) NOT NULL,
  `description` varchar(8000) DEFAULT NULL,
  `company_id` int(11) DEFAULT NULL,
  `id_erp` varchar(80) DEFAULT NULL,
  `brand_id` varchar(100) DEFAULT NULL,
  `deadline_id` int(11) DEFAULT NULL,
  `created_at` timestamp NOT NULL DEFAULT current_timestamp(),
  `updated_at` timestamp NULL DEFAULT current_timestamp() ON UPDATE current_timestamp(),
  `deleted` tinyint(4) DEFAULT NULL,
  `variant_id` int(11) DEFAULT NULL,
  PRIMARY KEY (`id`)
) ENGINE=InnoDB AUTO_INCREMENT=56880 DEFAULT CHARSET=utf8mb4 COLLATE=utf8mb4_general_ci;

-- Copiando dados para a tabela ectlg.products: ~109 rows (aproximadamente)
INSERT IGNORE INTO `products` (`id`, `name`, `reference`, `price`, `stock`, `brand`, `type`, `gender`, `category`, `subcategory`, `prompt_delivery`, `description`, `company_id`, `id_erp`, `brand_id`, `deadline_id`, `created_at`, `updated_at`, `deleted`, `variant_id`) VALUES
	(452, 'Jaqueta Rain Vermelha', '41.31.0000', 80, NULL, 'Marca Moda', NULL, 'Feminino', 'Jaquetas M', NULL, 1, NULL, 31, '9909', '11', NULL, '2024-04-30 17:08:45', '2024-06-12 14:45:50', 0, NULL),
	(7030, 'Bermuda', '67.15.4801', 158, NULL, 'Marca Moda', NULL, 'Masculino', 'Bermudas', 'Lisa', 1, NULL, 31, '9900', '11', NULL, '2024-05-02 13:14:11', '2024-06-12 14:45:50', 0, NULL),
	(7031, 'Bermuda', '67.15.3915', 132, NULL, 'Marca Moda', NULL, 'Masculino', 'Bermudas', 'Estampada', 1, NULL, 31, '204', '11', NULL, '2024-05-02 13:14:11', '2024-07-26 16:54:31', 1, NULL),
	(7032, 'Ferramenta', '67.15.8427', 207, NULL, 'Marca útil', NULL, 'Masculino', 'Ferramentas', NULL, 1, NULL, 31, '803', '12', NULL, '2024-05-02 13:14:11', '2024-06-12 14:45:50', 0, NULL),
	(7033, 'Bermuda', '67.15.8065', 196, NULL, 'Marca Moda', NULL, 'Masculino', 'Bermudas', 'Lisa', 1, NULL, 31, '9901', '11', NULL, '2024-05-02 13:14:11', '2024-06-12 14:45:50', 0, NULL),
	(7034, 'Jaqueta', '67.15.3761', 179, NULL, 'Marca Moda', NULL, 'Feminino', 'Jaquetas F', NULL, 1, NULL, 31, '902', '11', NULL, '2024-05-02 13:14:11', '2024-06-12 14:45:50', 0, NULL),
	(7035, 'Marca arte', '67.15.8018', 87, NULL, 'Esculturas', NULL, 'Masculino', 'Esculturas', NULL, 1, NULL, 31, '706', '13', NULL, '2024-05-02 13:14:11', '2024-06-12 14:45:50', 0, NULL),
	(7036, 'CASACO', '66.08.0082', 49, NULL, 'Marca Moda', NULL, 'FEMININO', 'CASACO', NULL, 1, NULL, 31, '7163', '11', NULL, '2024-05-02 13:14:11', '2024-07-26 16:55:02', 1, NULL),
	(7037, 'Bota', '67.15.2668', 102, NULL, 'Marca Moda', NULL, 'Masculino', 'Botas', NULL, 1, NULL, 31, '302', '11', NULL, '2024-05-02 13:14:11', '2024-06-12 14:45:50', 0, NULL),
	(7038, 'Jaqueta', '67.15.9376', 92, NULL, 'Marca Moda', NULL, 'Feminino', 'Jaquetas F', NULL, 1, NULL, 31, '901', '11', NULL, '2024-05-02 13:14:11', '2024-06-12 14:45:50', 0, NULL),
	(7039, 'CASACO #MO - JMW018', '66.08.0095', 44, NULL, 'Marca Moda', NULL, 'FEMININO', 'CASACO', NULL, 1, NULL, 31, '7164', '11', NULL, '2024-05-02 13:14:11', '2024-07-26 14:57:38', 0, NULL),
	(7040, 'Ferramenta', '67.15.8574', 86, NULL, 'Marca útil', NULL, 'Masculino', 'Ferramentas', NULL, 1, NULL, 31, '800', '12', NULL, '2024-05-02 13:14:11', '2024-06-12 14:45:50', 0, NULL),
	(7041, 'Bermuda', '67.15.8037', 60, NULL, 'Marca Moda', NULL, 'Masculino', 'Bermudas', 'Estampada', 1, NULL, 31, '203', '11', NULL, '2024-05-02 13:14:12', '2024-06-12 14:45:50', 0, NULL),
	(7042, 'Marca arte', '67.15.8075', 133, NULL, 'Esculturas', NULL, 'Masculino', 'Esculturas', NULL, 1, NULL, 31, '704', '13', NULL, '2024-05-02 13:14:12', '2024-06-12 14:45:50', 0, NULL),
	(7043, 'Jaqueta', '67.15.10675', 89, NULL, 'Marca Moda', NULL, 'Feminino', 'Jaquetas F', NULL, 1, NULL, 31, '900', '11', NULL, '2024-05-02 13:14:13', '2024-06-12 14:45:50', 0, NULL),
	(7044, 'Marca arte', '67.15.3682', 212, NULL, 'Esculturas', NULL, 'Masculino', 'Esculturas', NULL, 1, NULL, 31, '700', '13', NULL, '2024-05-02 13:14:13', '2024-06-12 14:45:50', 0, NULL),
	(7045, 'Marca arte', '67.15.1630', 87, NULL, 'Esculturas', NULL, 'Masculino', 'Esculturas', NULL, 1, NULL, 31, '702', '13', NULL, '2024-05-02 13:14:13', '2024-06-12 14:45:50', 0, NULL),
	(7046, 'Ferramenta', '67.15.9825', 115, NULL, 'Marca útil', NULL, 'Masculino', 'Ferramentas', NULL, 1, NULL, 31, '804', '12', NULL, '2024-05-02 13:14:13', '2024-06-12 14:45:50', 0, NULL),
	(7047, 'Chinelo', '67.15.4100', 63, NULL, 'Marca Moda', NULL, 'Masculino', 'Chinelos', NULL, 1, NULL, 31, '502', '11', NULL, '2024-05-02 13:14:13', '2024-06-12 14:45:50', 0, NULL),
	(7048, 'Bota', '67.15.2442', 172, NULL, 'Marca Moda', NULL, 'Masculino', 'Botas', NULL, 1, NULL, 31, '301', '11', NULL, '2024-05-02 13:14:13', '2024-06-12 14:45:50', 0, NULL),
	(7049, 'Marca arte', '67.15.2489', 163, NULL, 'Esculturas', NULL, 'Masculino', 'Esculturas', NULL, 1, NULL, 31, '701', '13', NULL, '2024-05-02 13:14:13', '2024-06-12 14:45:50', 0, NULL),
	(7050, 'Chinelo', '67.15.2201', 240, NULL, 'Marca Moda', NULL, 'Masculino', 'Chinelos', NULL, 1, NULL, 31, '504', '11', NULL, '2024-05-02 13:14:13', '2024-06-12 14:45:50', 0, NULL),
	(7051, 'Bota', '67.15.9006', 203, NULL, 'Marca Moda', NULL, 'Masculino', 'Botas', NULL, 1, NULL, 31, '300', '11', NULL, '2024-05-02 13:14:13', '2024-06-12 14:45:50', 0, NULL),
	(7052, 'Chinelo', '67.15.7753', 230, NULL, 'Marca Moda', NULL, 'Masculino', 'Chinelos', NULL, 1, NULL, 31, '500', '11', NULL, '2024-05-02 13:14:13', '2024-06-12 14:45:50', 0, NULL),
	(7053, 'Jaqueta Rain', '61.31.2000', 60, NULL, 'Marca Moda', NULL, 'Masculino', 'Jaquetas M', NULL, 1, NULL, 31, '2', '11', NULL, '2024-05-02 13:14:13', '2024-06-12 14:45:50', 0, NULL),
	(7054, 'CASACO #MO - JMW019', '66.08.0096', 55, NULL, 'Marca Moda', NULL, 'FEMININO', 'CASACO', NULL, 1, NULL, 31, '7165', '11', NULL, '2024-05-02 13:14:13', '2024-07-26 14:57:38', 0, NULL),
	(7055, 'Bermuda', '67.15.5431', 82, NULL, 'Marca Moda', NULL, 'Masculino', 'Bermudas', 'Lisa', 1, NULL, 31, '9902', '11', NULL, '2024-05-02 13:14:13', '2024-06-12 14:45:50', 0, NULL),
	(7056, 'Jaqueta Rain Cinza', '99.68.1000', 110, NULL, 'Marca Moda', NULL, 'Masculino', 'Jaquetas M', NULL, 1, NULL, 31, '9', '11', NULL, '2024-05-02 13:14:13', '2024-06-12 14:45:50', 0, NULL),
	(7057, 'Chinelo', '67.15.8363', 141, NULL, 'Marca Moda', NULL, 'Masculino', 'Chinelos', NULL, 1, NULL, 31, '501', '11', NULL, '2024-05-02 13:14:13', '2024-06-12 14:45:50', 0, NULL),
	(7058, 'Mochila', '67.15.6144', 188, NULL, 'Marca Moda', NULL, 'Masculino', 'Mochilas', NULL, 1, NULL, 31, '1100', '11', NULL, '2024-05-02 13:14:13', '2024-06-12 14:45:50', 0, NULL),
	(7059, 'Ferramenta', '67.15.1938', 224, NULL, 'Marca útil', NULL, 'Masculino', 'Ferramentas', NULL, 1, NULL, 31, '805', '12', NULL, '2024-05-02 13:14:13', '2024-06-12 14:45:50', 0, NULL),
	(7060, 'Chinelo', '67.15.4992', 195, NULL, 'Marca Moda', NULL, 'Masculino', 'Chinelos', NULL, 1, NULL, 31, '503', '11', NULL, '2024-05-02 13:14:13', '2024-06-12 14:45:50', 0, NULL),
	(7061, 'Marca arte', '67.15.5133', 103, NULL, 'Esculturas', NULL, 'Masculino', 'Esculturas', NULL, 1, NULL, 31, '705', '13', NULL, '2024-05-02 13:14:13', '2024-06-12 14:45:50', 0, NULL),
	(7062, 'CASACO MOL. ABER. FEM - M2267', '66.01.0059', 31, NULL, 'Marca Moda', NULL, 'FEMININO', 'CASACO', NULL, 1, NULL, 31, '7155', '11', NULL, '2024-05-02 13:14:13', '2024-07-26 14:57:38', 0, NULL),
	(7063, 'Ferramenta', '67.15.3020', 177, NULL, 'Marca útil', NULL, 'Masculino', 'Ferramentas', NULL, 1, NULL, 31, '801', '12', NULL, '2024-05-02 13:14:13', '2024-06-12 14:45:50', 0, NULL),
	(7064, 'Jaqueta Rain Cinza', '99.68.1000', 100, NULL, 'Marca Moda', NULL, 'Feminino', 'Jaquetas M', NULL, 1, NULL, 31, '4', '11', NULL, '2024-05-02 13:14:13', '2024-06-12 14:45:50', 0, NULL),
	(7065, 'Bota', '67.15.10262', 192, NULL, 'Marca Moda', NULL, 'Masculino', 'Botas', NULL, 1, NULL, 31, '304', '11', NULL, '2024-05-02 13:14:13', '2024-06-12 14:45:50', 0, NULL),
	(7066, 'Bermuda', '67.15.7671', 198, NULL, 'Marca Moda', NULL, 'Masculino', 'Bermudas', 'Estampada', 1, NULL, 31, '201', '11', NULL, '2024-05-02 13:14:14', '2024-06-12 14:45:50', 0, NULL),
	(7067, 'Mochila', '67.15.1340', 1055, NULL, 'Marca Moda', NULL, 'Masculino', 'Mochilas', NULL, 1, NULL, 31, '1102', '11', NULL, '2024-05-02 13:14:14', '2024-06-12 14:45:50', 0, NULL),
	(7068, 'Bota', '67.15.4837', 217, NULL, 'Marca Moda', NULL, 'Masculino', 'Botas', NULL, 1, NULL, 31, '305', '11', NULL, '2024-05-02 13:14:14', '2024-06-12 14:45:50', 0, NULL),
	(7069, 'Bermuda', '67.15.5937', 168, NULL, 'Marca Moda', NULL, 'Masculino', 'Bermudas', 'Estampada', 1, NULL, 31, '202', '11', NULL, '2024-05-02 13:14:14', '2024-06-12 14:45:50', 0, NULL),
	(7070, 'Jaqueta', '67.15.6399', 208, NULL, 'Marca Moda', NULL, 'Feminino', 'Jaquetas F', NULL, 1, NULL, 31, '903', '11', NULL, '2024-05-02 13:14:14', '2024-06-12 14:45:50', 0, NULL),
	(7071, 'Bermuda', '67.15.3602', 55, NULL, 'Marca Moda', NULL, 'Masculino', 'Bermudas', 'Estampada', 1, NULL, 31, '200', '11', NULL, '2024-05-02 13:14:14', '2024-06-12 14:45:50', 0, NULL),
	(7072, 'Mochila', '67.15.7671', 983, NULL, 'Marca Moda', NULL, 'Masculino', 'Mochilas', NULL, 1, NULL, 31, '1101', '11', NULL, '2024-05-02 13:14:14', '2024-06-12 14:45:50', 0, NULL),
	(7073, 'Ferramenta', '67.15.6511', 102, NULL, 'Marca útil', NULL, 'Masculino', 'Ferramentas', NULL, 1, NULL, 31, '802', '12', NULL, '2024-05-02 13:14:14', '2024-06-12 14:45:50', 0, NULL),
	(7074, 'Bota', '67.15.7250', 181, NULL, 'Marca Moda', NULL, 'Masculino', 'Botas', NULL, 1, NULL, 31, '303', '11', NULL, '2024-05-02 13:14:14', '2024-06-12 14:45:50', 0, NULL),
	(7075, 'Bota', '67.15.1689', 226, NULL, 'Marca Moda', NULL, 'Masculino', 'Botas', NULL, 1, NULL, 31, '306', '11', NULL, '2024-05-02 13:14:14', '2024-06-12 14:45:50', 0, NULL),
	(7076, 'Marca arte', '67.15.3697', 133, NULL, 'Esculturas', NULL, 'Masculino', 'Esculturas', NULL, 1, NULL, 31, '703', '13', NULL, '2024-05-02 13:14:14', '2024-06-12 14:45:50', 0, NULL),
	(56701, 'BLUSA MOL GEEK', '100BMG68', NULL, NULL, 'Marca Moda', 'NACIONAL', 'MASCULINO', 'BLUSA MOLETOM', 'MOLETOM CAPUZ', 1, 'Blusa de moletom com capuz', 31, '100024', '11', 229, '2024-07-04 14:30:24', NULL, 0, NULL),
	(56702, 'BLUSA MOL GEEK', '100BMG68', NULL, NULL, 'Marca Moda', 'NACIONAL', 'MASCULINO', 'BLUSA MOLETOM', 'MOLETOM CAPUZ', 1, 'Blusa de moletom com capuz', 31, '100025', '11', 229, '2024-07-04 14:45:52', NULL, 0, NULL),
	(56703, 'BLUSA MOL GEEK', '100BMG68', NULL, NULL, 'Marca Moda', 'NACIONAL', 'MASCULINO', 'BLUSA MOLETOM', 'MOLETOM CAPUZ', 1, 'Blusa de moletom com capuz', 31, '100026', '11', 229, '2024-07-04 14:48:57', NULL, 0, NULL),
	(56704, 'BLUSA MOL GEEK', '100BMG68', NULL, NULL, 'Marca Moda', 'NACIONAL', 'MASCULINO', 'BLUSA MOLETOM', 'MOLETOM CAPUZ', 1, 'Blusa de moletom com capuz', 31, '100027', '11', 229, '2024-07-04 15:11:28', NULL, 0, NULL),
	(56811, 'Camisa xadrez', '100BMG69', NULL, NULL, 'Marca Moda', 'NACIONAL', 'Feminino', 'Outono', NULL, 1, 'Camisa xadrez', 31, '1000161', '11', 229, '2024-08-22 16:31:25', '2024-08-22 17:19:20', 0, NULL),
	(56812, 'Jaqueta Tweed Preta', '100BMG70', NULL, NULL, 'Marca Moda', 'NACIONAL', 'Feminino', 'Outono', NULL, 1, 'Jaqueta feminina em tweed preta com zíper frontal.', 31, '1000163', '11', 229, '2024-08-22 16:34:39', '2024-08-22 17:20:07', 0, NULL),
	(56813, 'Jaqueta Marrom com Capuz', '100BMG71', NULL, NULL, 'Marca Moda', 'NACIONAL', 'Feminino', 'Inverno', NULL, 1, 'Jaqueta marrom com capuz e cinto ajustável.', 31, '1000164', '11', 229, '2024-08-22 16:40:02', NULL, 0, NULL),
	(56814, 'Jaqueta Verde com Capuz', '100BMG72', NULL, NULL, 'Marca Moda', 'NACIONAL', 'Feminino', 'Inverno', NULL, 1, 'Jaqueta verde com capuz ajustável e fechamento por zíper e botões.', 31, '1000165', '11', 229, '2024-08-22 16:40:21', NULL, 0, NULL),
	(56815, 'Jaqueta Puff Rosa', '100BMG73', NULL, NULL, 'Marca Moda', 'NACIONAL', 'Feminino', 'Inverno', NULL, 1, 'Jaqueta puff rosa com capuz removível.', 31, '1000166', '11', 229, '2024-08-22 16:40:41', NULL, 0, NULL),
	(56816, 'Jaqueta Azul', '100BMG74', NULL, NULL, 'Marca Moda', 'NACIONAL', 'Feminino', 'Inverno', NULL, 1, 'Jaqueta azul com capuz removível.', 31, '1000167', '11', 229, '2024-08-22 16:41:53', NULL, 0, NULL),
	(56817, 'Jaqueta Azul claro', '100BMG75', NULL, NULL, 'Marca Moda', 'NACIONAL', 'Feminino', 'Inverno', NULL, 1, 'Jaqueta azul claro', 31, '1000168', '11', 229, '2024-08-22 16:44:58', NULL, 0, NULL),
	(56818, 'Jaqueta Cinza', '100BMG76', NULL, NULL, 'Marca Moda', 'NACIONAL', 'Feminino', 'Inverno', NULL, 1, 'Jaqueta cinza', 31, '1000169', '11', 229, '2024-08-22 16:45:25', NULL, 0, NULL),
	(56819, 'Jaqueta Verde', '100BMG77', NULL, NULL, 'Marca Moda', 'NACIONAL', 'Feminino', 'Inverno', NULL, 1, 'Jaqueta verde', 31, '1000170', '11', 229, '2024-08-22 17:06:04', NULL, 0, NULL),
	(56820, 'Camisa xadrez', '100BMG78', NULL, NULL, 'Marca Moda', 'NACIONAL', 'Feminino', 'Outono', NULL, 1, 'Camisa xadrez', 31, '1000162', '11', 229, '2024-08-22 17:22:38', NULL, 0, NULL),
	(56821, 'Jaqueta Preta', '100BMG78', NULL, NULL, 'Marca Moda', 'NACIONAL', 'Masculino', 'Jaqueta', NULL, 1, 'Jaqueta preta sem manga', 31, '1000171', '11', 229, '2024-08-22 18:13:49', NULL, 0, NULL),
	(56822, 'Moletom Rosa', '100BMG79', NULL, NULL, 'Marca Moda', 'NACIONAL', 'Feminino', 'Moletom', NULL, 1, 'Moletom rosa', 31, '1000172', '11', 229, '2024-08-22 18:14:34', NULL, 0, NULL),
	(56823, 'Jaqueta Azul', '100BMG80', NULL, NULL, 'Marca Moda', 'NACIONAL', 'Masculino', 'Jaqueta', NULL, 1, 'Jaqueta azul', 31, '1000173', '11', 229, '2024-08-22 18:15:27', NULL, 0, NULL),
	(56824, 'Mochila Amarela', '100BMG81', NULL, 100, 'Marca Moda', 'NACIONAL', 'Unisex', 'Acessórios', NULL, 1, 'Mochila', 31, '1000174', '11', 229, '2024-08-22 18:17:12', NULL, 0, NULL),
	(56825, 'Mochila Rosa', '100BMG82', NULL, 100, 'Marca Moda', 'NACIONAL', 'Unisex', 'Acessórios', NULL, 1, 'Mochila', 31, '1000175', '11', 229, '2024-08-22 18:17:55', NULL, 0, NULL),
	(56826, 'Mochila Amarela', '100BMG83', NULL, 100, 'Marca Moda', 'NACIONAL', 'Unisex', 'Acessórios', NULL, 1, 'Mochila', 31, '1000176', '11', 229, '2024-08-22 18:18:24', '2024-09-03 13:55:30', 0, NULL),
	(56827, 'Jaqueta Branca e Azul', '100BMG84', NULL, NULL, 'Marca Moda', 'NACIONAL', 'Feminino', 'Jaqueta', NULL, 1, 'Jaqueta', 31, '1000177', '11', 229, '2024-08-22 18:19:14', '2024-08-22 18:21:01', 0, NULL),
	(56828, 'Jaqueta Vermelha', '100BMG85', NULL, NULL, 'Marca Moda', 'NACIONAL', 'Feminino', 'Jaqueta', NULL, 1, 'Jaqueta', 31, '1000178', '11', 229, '2024-08-22 18:20:02', NULL, 0, NULL),
	(56829, 'Jaqueta Branca', '100BMG86', NULL, NULL, 'Marca Moda', 'NACIONAL', 'Masculino', 'Jaqueta', NULL, 1, 'Jaqueta', 31, '1000179', '11', 229, '2024-08-22 18:28:25', NULL, 0, NULL),
	(56830, 'Jaqueta Amarela', '100BMG87', NULL, NULL, 'Marca Moda', 'NACIONAL', 'Masculino', 'Jaqueta', NULL, 1, 'Jaqueta', 31, '1000180', '11', 229, '2024-08-22 18:28:48', NULL, 0, NULL),
	(56831, 'Jaqueta Bege', '100BMG88', NULL, NULL, 'Marca Moda', 'NACIONAL', 'Masculino', 'Jaqueta', NULL, 1, 'Jaqueta', 31, '1000181', '11', 229, '2024-08-22 18:29:14', NULL, 0, NULL),
	(56832, 'Moletom Azul', '100BMG89', NULL, NULL, 'Marca Moda', 'NACIONAL', 'Masculino', 'Moletom', NULL, 1, 'Moletom', 31, '1000182', '11', 229, '2024-08-22 18:30:16', NULL, 0, NULL),
	(56833, 'Moletom Verde', '100BMG90', NULL, NULL, 'Marca Moda', 'NACIONAL', 'Masculino', 'Moletom', NULL, 1, 'Moletom', 31, '1000183', '11', 229, '2024-08-22 18:31:04', NULL, 0, NULL),
	(56834, 'Moletom Verde Claro', '100BMG91', NULL, NULL, 'Marca Moda', 'NACIONAL', 'Masculino', 'Moletom', NULL, 1, 'Moletom', 31, '1000184', '11', 229, '2024-08-22 18:31:31', NULL, 0, NULL),
	(56835, 'Moletom Amarelo', '100BMG92', NULL, NULL, 'Marca Moda', 'NACIONAL', 'Masculino', 'Moletom', NULL, 1, 'Moletom', 31, '1000185', '11', 229, '2024-08-22 18:31:56', NULL, 0, NULL),
	(56836, 'Moletom Preto', '100BMG93', NULL, NULL, 'Marca Moda', 'NACIONAL', 'Masculino', 'Moletom', NULL, 1, 'Moletom', 31, '1000186', '11', 229, '2024-08-22 18:32:24', NULL, 0, NULL),
	(56837, 'Bota branca', '100BMG94', NULL, NULL, 'Marca Moda', 'NACIONAL', 'Masculino', 'Bota', NULL, 1, 'Bota', 31, '1000187', '11', 229, '2024-08-22 18:33:39', NULL, 0, NULL),
	(56838, 'Bota preta', '100BMG95', NULL, NULL, 'Marca Moda', 'NACIONAL', 'Masculino', 'Bota', NULL, 1, 'Bota', 31, '1000188', '11', 229, '2024-08-22 18:33:55', NULL, 0, NULL),
	(56839, 'Bota preta', '100BMG96', NULL, NULL, 'Marca Moda', 'NACIONAL', 'Masculino', 'Bota', NULL, 1, 'Bota', 31, '1000189', '11', 229, '2024-08-22 18:34:12', NULL, 0, NULL),
	(56840, 'Tênis roxo e preto', '100BMG97', NULL, NULL, 'Marca Moda', 'NACIONAL', 'Masculino', 'Tênis', NULL, 1, 'Tênis', 31, '1000190', '11', 229, '2024-08-22 18:34:45', NULL, 0, NULL),
	(56841, 'Tênis verde', '100BMG98', NULL, NULL, 'Marca Moda', 'NACIONAL', 'Masculino', 'Tênis', NULL, 1, 'Tênis', 31, '1000191', '11', 229, '2024-08-22 18:35:03', NULL, 0, NULL),
	(56849, 'Bermuda', '67.15.4801', NULL, NULL, 'Marca Moda', NULL, 'Masculino', 'Bermudas', 'Lisa', 1, NULL, 31, '7030', '11', NULL, '2024-09-02 18:06:49', NULL, 0, NULL),
	(56854, 'JAQUETA FEMININA POLIESTER IM03', '16.20.0321', NULL, NULL, 'MOSAICO', 'IMPORTADOS', 'FEMININO', 'JAQUETAS', 'POLIESTER', 1, 'JAQUETA FEMININA POLIESTER IM03', 31, '109856', NULL, NULL, '2024-09-03 13:17:58', NULL, 0, NULL),
	(56855, 'JAQUETA FEMININA POLIESTER IM03', '16.20.0321', NULL, NULL, 'MOSAICO', 'IMPORTADOS', 'FEMININO', 'JAQUETAS', 'POLIESTER', 1, 'JAQUETA FEMININA POLIESTER IM03', 31, '109666', '115', NULL, '2024-09-03 13:46:16', NULL, 0, NULL),
	(56856, 'JAQUETA FEMININA POLIESTER IM03', '16.20.0321', NULL, NULL, 'Marca Moda', 'IMPORTADOS', 'Feminino', 'Jaqueta', 'POLIESTER', 1, 'JAQUETA FEMININA POLIESTER IM03', 31, '109667', '11', 229, '2024-09-03 13:48:43', '2024-09-03 13:57:59', 0, NULL),
	(56857, 'BLUSA MOL GEEK', '100BMG68', NULL, NULL, 'Marca Moda', 'NACIONAL', 'MASCULINO', 'BLUSA MOLETOM', 'MOLETOM CAPUZ', 1, 'Blusa de moletom com capuz', 31, '100015', '11', 229, '2024-09-03 14:20:43', NULL, 0, NULL),
	(56858, 'BLUSA MOL GEEK', '100BMG6666', NULL, NULL, 'Marca Moda', 'NACIONAL', 'MASCULINO', 'BLUSA MOLETOM', 'MOLETOM CAPUZ', 1, 'Blusa de moletom com capuz', 31, '100016666', '11', 229, '2024-09-03 14:52:18', NULL, 0, NULL),
	(56860, 'BLUSA Felipão', '100BMG68FELIPÂO', NULL, NULL, 'Marca Moda', 'NACIONAL', 'MASCULINO', 'BLUSA MOLETOM FELIPÃO', 'MOLETOM CAPUZ', 1, 'Blusa de moletom com capuz', 31, '100015FELIPÂO', '11', 229, '2024-09-03 16:23:07', NULL, 0, NULL),
	(56861, 'BLUSA Felipão', '100BMG68FELIPE', NULL, NULL, 'TESTE', 'NACIONAL', 'MASCULINO', 'BLUSA MOLETOM FELIPE', 'MOLETOM CAPUZ', 1, 'Blusa de moletom com capuz', 31, '100015FELIPE', '117', NULL, '2024-09-03 16:27:06', NULL, 0, NULL),
	(56862, 'JAQUETA FEMININA POLIESTER IM03', '16.20.0321', NULL, NULL, 'Teste2', 'IMPORTADOS', 'FEMININO', 'JAQUETAS', 'POLIESTER', 1, 'JAQUETA FEMININA POLIESTER IM03', 31, '10985365', NULL, NULL, '2024-09-03 16:28:54', NULL, 0, NULL),
	(56863, 'BLUSA Felipão', '100BMG68FELIPY', NULL, NULL, 'TESTE', 'NACIONAL', 'MASCULINO', 'BLUSA MOLETOM FELIPY', 'MOLETOM CAPUZ', 1, 'Blusa de moletom com capuz', 31, '100015FELIPY', '117', NULL, '2024-09-03 16:30:50', NULL, 0, NULL),
	(56864, 'JAQUETA FEMININA POLIESTER IM03', '16.20.0321', NULL, NULL, 'Teste2', 'IMPORTADOS', 'FEMININO', 'JAQUETAS', 'POLIESTER', 1, 'JAQUETA FEMININA POLIESTER IM03', 31, '109853675', '118', NULL, '2024-09-03 16:35:02', NULL, 0, NULL),
	(56865, 'JAQUETA FEMININA POLIESTER IM03', '16.20.0321', NULL, NULL, 'Teste3', 'IMPORTADOS', 'FEMININO', 'JAQUETAS', 'POLIESTER', 1, 'JAQUETA FEMININA POLIESTER IM03', 31, '1098553675', NULL, NULL, '2024-09-03 16:36:13', NULL, 0, NULL),
	(56866, 'BLUSA Felipão', '100BMG68FELIPYz', NULL, NULL, 'TESTE', 'NACIONAL', 'MASCULINO', 'BLUSA MOLETOM FELIPYz', 'MOLETOM CAPUZ', 1, 'Blusa de moletom com capuz', 31, '100015FELIPYz', '117', NULL, '2024-09-03 16:36:20', NULL, 0, NULL),
	(56867, 'BLUSA Felipão', '100BMG68FELIPYzx', NULL, NULL, 'TESTE1', 'NACIONAL', 'MASCULINO', 'BLUSA MOLETOM FELIPYzx', 'MOLETOM CAPUZ', 1, 'Blusa de moletom com capuz', 31, '100015FELIPYzx', NULL, NULL, '2024-09-03 16:36:55', NULL, 0, NULL),
	(56868, 'BLUSA Felipão', '100BMG68FELIPYzxy', NULL, NULL, 'TESTE1', 'NACIONAL', 'MASCULINO', 'BLUSA MOLETOM FELIPYzxy', 'MOLETOM CAPUZ', 1, 'Blusa de moletom com capuz', 31, '100015FELIPYzxy', '120', NULL, '2024-09-03 16:39:16', NULL, 0, NULL),
	(56869, 'BLUSA FelipãoX', '100BMG68FELIPYzxyyz', NULL, NULL, 'TESTE1', 'NACIONAL', 'MASCULINO', 'BLUSA MOLETOM FELIPYzxyyz', 'MOLETOM CAPUZ', 1, 'Blusa de moletom com capuz', 31, '100015FELIPYzxyyz', '120', NULL, '2024-09-03 16:48:51', NULL, 0, NULL),
	(56870, 'BLUSA FelipãoXZ', '100BMG68FELIPYzxyyzx', NULL, NULL, 'TESTE4', 'NACIONAL', 'MASCULINO', 'BLUSA MOLETOM FELIPYzxyyzx', 'MOLETOM CAPUZ', 1, 'Blusa de moletom com capuz', 31, '100015FELIPYzxyyzx', NULL, NULL, '2024-09-03 16:51:26', NULL, 0, NULL),
	(56871, 'BLUSA FelipãoXZX', '100BMG68FELIPYzxyyzxz', NULL, NULL, 'TESTE4', 'NACIONAL', 'MASCULINO', 'BLUSA MOLETOM FELIPYzxyyzxz', 'MOLETOM CAPUZ', 1, 'Blusa de moletom com capuz', 31, '100015FELIPYzxyyzxz', '121', NULL, '2024-09-03 16:52:13', NULL, 0, NULL),
	(56872, 'BLUSA FelipãoXZXzz', '100BMG68FELIPYzxyyzxzzz', NULL, NULL, 'TESTE5', 'NACIONAL', 'MASCULINO', 'BLUSA MOLETOM FELIPYzxyyzxzzz', 'MOLETOM CAPUZ', 1, 'Blusa de moletom com capuz', 31, '100015FELIPYzxyyzxzzz', NULL, NULL, '2024-09-03 16:54:17', NULL, 0, NULL),
	(56873, 'BLUSA x', '100BMG68x', NULL, NULL, 'TESTE6', 'NACIONAL', 'MASCULINO', 'BLUSA MOLETOM x', 'MOLETOM CAPUZ', 1, 'Blusa de moletom com capuz', 31, '100015x', NULL, NULL, '2024-09-03 16:59:47', NULL, 0, NULL),
	(56874, 'BLUSA z', '100BMG68z', NULL, NULL, 'TESTE8', 'NACIONAL', 'MASCULINO', 'BLUSA MOLETOM z', 'MOLETOM CAPUZ', 1, 'Blusa de moletom com capuz', 31, '100015z', NULL, NULL, '2024-09-03 17:01:56', NULL, 0, NULL),
	(56875, 'JAQUETA FEMININA POLIESTER IM03', '16.20.0321', NULL, NULL, 'Teste100', 'IMPORTADOS', 'FEMININO', 'JAQUETAS', 'POLIESTER', 1, 'JAQUETA FEMININA POLIESTER IM03', 31, '10985354675', NULL, NULL, '2024-09-03 17:03:59', NULL, 0, NULL),
	(56876, 'JAQUETA FEMININA POLIESTER IM03', '16.20.0321', NULL, NULL, 'Teste100', 'IMPORTADOS', 'FEMININO', 'JAQUETAS', 'POLIESTER', 1, 'JAQUETA FEMININA POLIESTER IM03', 31, '109853546975', '125', NULL, '2024-09-03 17:04:35', NULL, 0, NULL),
	(56877, 'BLUSA zz', '100BMG68zz', NULL, NULL, 'TESTE666', 'NACIONAL', 'MASCULINO', 'BLUSA MOLETOM zz', 'MOLETOM CAPUZ', 1, 'Blusa de moletom com capuz', 31, '100015zz', NULL, NULL, '2024-09-03 17:11:24', NULL, 0, NULL),
	(56878, 'BLUSA zzz', '100BMG68zzz', NULL, NULL, 'TESTE333', 'NACIONAL', 'MASCULINO', 'BLUSA MOLETOM zzz', 'MOLETOM CAPUZ', 1, 'Blusa de moletom com capuz', 31, '100015zzz', '127', NULL, '2024-09-03 17:14:01', NULL, 0, NULL),
	(56879, 'BLUSA zzzz', '100BMG68zzzz', NULL, NULL, 'TESTE777', 'NACIONAL', 'MASCULINO', 'BLUSA MOLETOM zzzz', 'MOLETOM CAPUZ', 1, 'Blusa de moletom com capuz', 31, '100015zzzz', '128', NULL, '2024-09-03 17:15:13', NULL, 0, NULL);

-- Copiando estrutura para tabela ectlg.skus
CREATE TABLE IF NOT EXISTS `skus` (
  `id` int(11) NOT NULL AUTO_INCREMENT,
  `size` varchar(10) NOT NULL,
  `open_grid` tinyint(4) NOT NULL,
  `stock` bigint(20) NOT NULL,
  `min_quantity` int(11) NOT NULL,
  `product_id` int(11) NOT NULL,
  `deleted` tinyint(4) DEFAULT NULL,
  `created_at` timestamp NOT NULL DEFAULT current_timestamp(),
  `updated_at` timestamp NULL DEFAULT NULL,
  `id_erp` varchar(50) DEFAULT NULL,
  PRIMARY KEY (`id`)
) ENGINE=InnoDB AUTO_INCREMENT=201182 DEFAULT CHARSET=utf8mb4 COLLATE=utf8mb4_general_ci;

-- Copiando dados para a tabela ectlg.skus: ~364 rows (aproximadamente)
INSERT IGNORE INTO `skus` (`id`, `size`, `open_grid`, `stock`, `min_quantity`, `product_id`, `deleted`, `created_at`, `updated_at`, `id_erp`) VALUES
	(36568, 'P', 0, 500, 4, 452, 0, '2024-04-30 17:08:46', NULL, NULL),
	(36569, 'M', 0, 500, 1, 452, 0, '2024-04-30 17:08:46', NULL, NULL),
	(36570, 'GG', 0, 500, 1, 452, 0, '2024-04-30 17:08:46', NULL, NULL),
	(36571, 'G', 0, 500, 4, 452, 0, '2024-04-30 17:08:46', NULL, NULL),
	(73169, 'M', 0, 500, 6, 7031, 0, '2024-05-02 13:14:12', NULL, NULL),
	(73170, 'P', 0, 500, 2, 7031, 0, '2024-05-02 13:14:12', NULL, NULL),
	(73171, 'M', 0, 500, 5, 7030, 0, '2024-05-02 13:14:12', NULL, NULL),
	(73172, 'G', 0, 500, 2, 7031, 0, '2024-05-02 13:14:12', NULL, NULL),
	(73173, 'G', 0, 500, 3, 7030, 0, '2024-05-02 13:14:12', NULL, NULL),
	(73174, 'GG', 0, 500, 2, 7031, 0, '2024-05-02 13:14:12', NULL, NULL),
	(73175, 'P', 0, 500, 1, 7030, 0, '2024-05-02 13:14:12', NULL, NULL),
	(73176, 'GG', 0, 500, 3, 7030, 0, '2024-05-02 13:14:12', NULL, NULL),
	(73177, 'M', 0, 500, 3, 7033, 0, '2024-05-02 13:14:12', NULL, NULL),
	(73178, 'P', 0, 500, 6, 7033, 0, '2024-05-02 13:14:12', NULL, NULL),
	(73179, 'G', 0, 500, 1, 7033, 0, '2024-05-02 13:14:12', NULL, NULL),
	(73180, 'GG', 0, 500, 5, 7033, 0, '2024-05-02 13:14:12', NULL, NULL),
	(73181, 'P', 0, 500, 3, 7032, 0, '2024-05-02 13:14:12', NULL, NULL),
	(73182, 'M', 0, 500, 6, 7032, 0, '2024-05-02 13:14:12', NULL, NULL),
	(73183, 'G', 0, 500, 5, 7032, 0, '2024-05-02 13:14:12', NULL, NULL),
	(73184, 'GG', 0, 500, 6, 7032, 0, '2024-05-02 13:14:12', NULL, NULL),
	(73185, 'P', 0, 500, 3, 7035, 0, '2024-05-02 13:14:12', NULL, NULL),
	(73186, 'P', 0, 500, 3, 7034, 0, '2024-05-02 13:14:12', NULL, NULL),
	(73187, 'M', 0, 500, 4, 7034, 0, '2024-05-02 13:14:12', NULL, NULL),
	(73188, 'G', 0, 500, 6, 7034, 0, '2024-05-02 13:14:12', NULL, NULL),
	(73189, 'GG', 0, 500, 5, 7034, 0, '2024-05-02 13:14:12', NULL, NULL),
	(73190, 'G', 0, 500, 6, 7036, 0, '2024-05-02 13:14:12', NULL, NULL),
	(73191, 'M', 0, 500, 5, 7035, 0, '2024-05-02 13:14:12', NULL, NULL),
	(73192, 'G', 0, 500, 1, 7035, 0, '2024-05-02 13:14:12', NULL, NULL),
	(73193, 'GG', 0, 500, 3, 7035, 0, '2024-05-02 13:14:12', NULL, NULL),
	(73194, 'P', 0, 500, 3, 7036, 0, '2024-05-02 13:14:12', NULL, NULL),
	(73195, 'M', 0, 500, 6, 7036, 0, '2024-05-02 13:14:12', NULL, NULL),
	(73196, 'GG', 0, 500, 3, 7036, 0, '2024-05-02 13:14:12', NULL, NULL),
	(73197, 'P', 0, 500, 4, 7037, 0, '2024-05-02 13:14:12', NULL, NULL),
	(73198, 'M', 0, 500, 5, 7037, 0, '2024-05-02 13:14:12', NULL, NULL),
	(73199, 'G', 0, 500, 6, 7037, 0, '2024-05-02 13:14:12', NULL, NULL),
	(73200, 'GG', 0, 500, 2, 7037, 0, '2024-05-02 13:14:12', NULL, NULL),
	(73201, 'P', 0, 500, 6, 7040, 0, '2024-05-02 13:14:12', NULL, NULL),
	(73202, 'M', 0, 500, 4, 7040, 0, '2024-05-02 13:14:12', NULL, NULL),
	(73203, 'G', 0, 500, 6, 7040, 0, '2024-05-02 13:14:12', NULL, NULL),
	(73204, 'GG', 0, 500, 6, 7040, 0, '2024-05-02 13:14:12', NULL, NULL),
	(73205, 'P', 0, 500, 2, 7038, 0, '2024-05-02 13:14:12', NULL, NULL),
	(73206, 'M', 0, 500, 4, 7038, 0, '2024-05-02 13:14:12', NULL, NULL),
	(73207, 'G', 0, 500, 5, 7038, 0, '2024-05-02 13:14:12', NULL, NULL),
	(73208, 'GG', 0, 500, 1, 7038, 0, '2024-05-02 13:14:12', NULL, NULL),
	(73209, 'P', 0, 500, 1, 7042, 0, '2024-05-02 13:14:12', NULL, NULL),
	(73210, 'M', 0, 500, 4, 7042, 0, '2024-05-02 13:14:13', NULL, NULL),
	(73211, 'G', 0, 500, 6, 7042, 0, '2024-05-02 13:14:13', NULL, NULL),
	(73212, 'GG', 0, 500, 2, 7042, 0, '2024-05-02 13:14:13', NULL, NULL),
	(73213, 'P', 0, 500, 3, 7041, 0, '2024-05-02 13:14:13', NULL, NULL),
	(73214, 'G', 0, 500, 6, 7041, 0, '2024-05-02 13:14:13', NULL, NULL),
	(73215, 'M', 0, 500, 6, 7041, 0, '2024-05-02 13:14:13', NULL, NULL),
	(73216, 'GG', 0, 500, 3, 7041, 0, '2024-05-02 13:14:13', NULL, NULL),
	(73217, 'P', 0, 500, 3, 7039, 0, '2024-05-02 13:14:13', NULL, NULL),
	(73218, 'M', 0, 500, 6, 7039, 0, '2024-05-02 13:14:13', NULL, NULL),
	(73219, 'G', 0, 500, 6, 7039, 0, '2024-05-02 13:14:13', NULL, NULL),
	(73220, 'GG', 0, 500, 3, 7039, 0, '2024-05-02 13:14:13', NULL, NULL),
	(73221, 'P', 0, 500, 1, 7043, 0, '2024-05-02 13:14:13', NULL, NULL),
	(73222, 'M', 0, 500, 5, 7043, 0, '2024-05-02 13:14:13', NULL, NULL),
	(73223, 'G', 0, 500, 2, 7043, 0, '2024-05-02 13:14:13', NULL, NULL),
	(73224, 'GG', 0, 500, 3, 7043, 0, '2024-05-02 13:14:13', NULL, NULL),
	(73225, 'G', 0, 500, 5, 7044, 0, '2024-05-02 13:14:13', NULL, NULL),
	(73226, 'P', 0, 500, 2, 7044, 0, '2024-05-02 13:14:13', NULL, NULL),
	(73227, 'M', 0, 500, 5, 7044, 0, '2024-05-02 13:14:13', NULL, NULL),
	(73228, 'GG', 0, 500, 4, 7044, 0, '2024-05-02 13:14:13', NULL, NULL),
	(73229, 'M', 0, 500, 2, 7045, 0, '2024-05-02 13:14:13', NULL, NULL),
	(73230, 'P', 0, 500, 5, 7045, 0, '2024-05-02 13:14:13', NULL, NULL),
	(73231, 'GG', 0, 500, 4, 7045, 0, '2024-05-02 13:14:13', NULL, NULL),
	(73232, 'G', 0, 500, 5, 7045, 0, '2024-05-02 13:14:13', NULL, NULL),
	(73233, 'P', 0, 500, 4, 7046, 0, '2024-05-02 13:14:13', NULL, NULL),
	(73234, 'M', 0, 500, 6, 7046, 0, '2024-05-02 13:14:13', NULL, NULL),
	(73235, 'GG', 0, 500, 5, 7046, 0, '2024-05-02 13:14:13', NULL, NULL),
	(73236, 'G', 0, 500, 5, 7046, 0, '2024-05-02 13:14:13', NULL, NULL),
	(73237, 'G', 0, 500, 1, 7047, 0, '2024-05-02 13:14:13', NULL, NULL),
	(73238, 'P', 0, 500, 3, 7047, 0, '2024-05-02 13:14:13', NULL, NULL),
	(73239, 'M', 0, 500, 3, 7047, 0, '2024-05-02 13:14:13', NULL, NULL),
	(73240, 'GG', 0, 500, 5, 7047, 0, '2024-05-02 13:14:13', NULL, NULL),
	(73241, 'P', 0, 500, 5, 7048, 0, '2024-05-02 13:14:13', NULL, NULL),
	(73242, 'M', 0, 500, 4, 7048, 0, '2024-05-02 13:14:13', NULL, NULL),
	(73243, 'G', 0, 500, 1, 7048, 0, '2024-05-02 13:14:13', NULL, NULL),
	(73244, 'GG', 0, 500, 4, 7048, 0, '2024-05-02 13:14:13', NULL, NULL),
	(73245, 'P', 0, 500, 6, 7050, 0, '2024-05-02 13:14:13', NULL, NULL),
	(73246, 'M', 0, 500, 5, 7050, 0, '2024-05-02 13:14:13', NULL, NULL),
	(73247, 'G', 0, 500, 3, 7050, 0, '2024-05-02 13:14:13', NULL, NULL),
	(73248, 'GG', 0, 500, 5, 7050, 0, '2024-05-02 13:14:13', NULL, NULL),
	(73249, 'P', 0, 500, 3, 7049, 0, '2024-05-02 13:14:13', NULL, NULL),
	(73250, 'M', 0, 500, 6, 7049, 0, '2024-05-02 13:14:13', NULL, NULL),
	(73251, 'G', 0, 500, 3, 7049, 0, '2024-05-02 13:14:13', NULL, NULL),
	(73252, 'GG', 0, 500, 1, 7049, 0, '2024-05-02 13:14:13', NULL, NULL),
	(73253, 'P', 0, 500, 1, 7051, 0, '2024-05-02 13:14:13', NULL, NULL),
	(73254, 'G', 0, 500, 6, 7051, 0, '2024-05-02 13:14:13', NULL, NULL),
	(73255, 'M', 0, 500, 5, 7051, 0, '2024-05-02 13:14:13', NULL, NULL),
	(73256, 'GG', 0, 500, 6, 7051, 0, '2024-05-02 13:14:13', NULL, NULL),
	(73257, 'M', 0, 500, 5, 7052, 0, '2024-05-02 13:14:13', NULL, NULL),
	(73258, 'P', 0, 500, 1, 7052, 0, '2024-05-02 13:14:13', NULL, NULL),
	(73259, 'G', 0, 500, 3, 7052, 0, '2024-05-02 13:14:13', NULL, NULL),
	(73260, 'GG', 0, 500, 1, 7052, 0, '2024-05-02 13:14:13', NULL, NULL),
	(73261, 'GG', 0, 500, 4, 7055, 0, '2024-05-02 13:14:13', NULL, NULL),
	(73262, 'P', 0, 500, 1, 7055, 0, '2024-05-02 13:14:13', NULL, NULL),
	(73263, 'M', 0, 500, 3, 7055, 0, '2024-05-02 13:14:13', NULL, NULL),
	(73264, 'G', 0, 500, 3, 7055, 0, '2024-05-02 13:14:13', NULL, NULL),
	(73265, 'P', 0, 500, 4, 7053, 0, '2024-05-02 13:14:13', NULL, NULL),
	(73266, 'M', 0, 500, 1, 7053, 0, '2024-05-02 13:14:13', NULL, NULL),
	(73267, 'G', 0, 500, 4, 7053, 0, '2024-05-02 13:14:13', NULL, NULL),
	(73268, 'GG', 0, 500, 1, 7053, 0, '2024-05-02 13:14:13', NULL, NULL),
	(73269, 'GG', 0, 500, 3, 7054, 0, '2024-05-02 13:14:13', NULL, NULL),
	(73270, 'P', 0, 500, 3, 7054, 0, '2024-05-02 13:14:13', NULL, NULL),
	(73271, 'M', 0, 500, 6, 7054, 0, '2024-05-02 13:14:13', NULL, NULL),
	(73272, 'G', 0, 500, 6, 7054, 0, '2024-05-02 13:14:13', NULL, NULL),
	(73273, 'P', 0, 500, 4, 7057, 0, '2024-05-02 13:14:13', NULL, NULL),
	(73274, 'M', 0, 500, 6, 7057, 0, '2024-05-02 13:14:13', NULL, NULL),
	(73275, 'G', 0, 500, 5, 7057, 0, '2024-05-02 13:14:13', NULL, NULL),
	(73276, 'GG', 0, 500, 5, 7057, 0, '2024-05-02 13:14:13', NULL, NULL),
	(73277, 'P', 0, 500, 3, 7058, 0, '2024-05-02 13:14:13', NULL, NULL),
	(73278, 'M', 0, 500, 2, 7058, 0, '2024-05-02 13:14:13', NULL, NULL),
	(73279, 'G', 0, 500, 4, 7058, 0, '2024-05-02 13:14:13', NULL, NULL),
	(73280, 'GG', 0, 500, 3, 7058, 0, '2024-05-02 13:14:13', NULL, NULL),
	(73281, 'P', 0, 500, 3, 7059, 0, '2024-05-02 13:14:13', NULL, NULL),
	(73282, 'M', 0, 500, 2, 7059, 0, '2024-05-02 13:14:13', NULL, NULL),
	(73283, 'G', 0, 500, 4, 7059, 0, '2024-05-02 13:14:13', NULL, NULL),
	(73284, 'GG', 0, 500, 6, 7059, 0, '2024-05-02 13:14:13', NULL, NULL),
	(73285, 'P', 0, 500, 5, 7060, 0, '2024-05-02 13:14:13', NULL, NULL),
	(73286, 'M', 0, 500, 1, 7060, 0, '2024-05-02 13:14:13', NULL, NULL),
	(73287, 'G', 0, 500, 5, 7060, 0, '2024-05-02 13:14:13', NULL, NULL),
	(73288, 'GG', 0, 500, 6, 7060, 0, '2024-05-02 13:14:13', NULL, NULL),
	(73289, 'M', 0, 500, 5, 7061, 0, '2024-05-02 13:14:13', NULL, NULL),
	(73290, 'P', 0, 500, 1, 7061, 0, '2024-05-02 13:14:14', NULL, NULL),
	(73291, 'G', 0, 500, 6, 7061, 0, '2024-05-02 13:14:14', NULL, NULL),
	(73292, 'GG', 0, 500, 5, 7061, 0, '2024-05-02 13:14:14', NULL, NULL),
	(73293, 'P', 0, 500, 4, 7063, 0, '2024-05-02 13:14:14', NULL, NULL),
	(73294, 'M', 0, 500, 5, 7063, 0, '2024-05-02 13:14:14', NULL, NULL),
	(73295, 'G', 0, 500, 5, 7063, 0, '2024-05-02 13:14:14', NULL, NULL),
	(73296, 'GG', 0, 500, 3, 7063, 0, '2024-05-02 13:14:14', NULL, NULL),
	(73297, 'P', 0, 500, 2, 7056, 0, '2024-05-02 13:14:14', NULL, NULL),
	(73298, 'M', 0, 500, 2, 7056, 0, '2024-05-02 13:14:14', NULL, NULL),
	(73299, 'G', 0, 500, 3, 7056, 0, '2024-05-02 13:14:14', NULL, NULL),
	(73300, 'GG', 0, 500, 2, 7056, 0, '2024-05-02 13:14:14', NULL, NULL),
	(73301, 'GG', 0, 500, 5, 7065, 0, '2024-05-02 13:14:14', NULL, NULL),
	(73302, 'P', 0, 500, 6, 7065, 0, '2024-05-02 13:14:14', NULL, NULL),
	(73303, 'M', 0, 500, 3, 7065, 0, '2024-05-02 13:14:14', NULL, NULL),
	(73304, 'G', 0, 500, 4, 7065, 0, '2024-05-02 13:14:14', NULL, NULL),
	(73305, 'P', 0, 500, 2, 7064, 0, '2024-05-02 13:14:14', NULL, NULL),
	(73306, 'M', 0, 500, 2, 7064, 0, '2024-05-02 13:14:14', NULL, NULL),
	(73307, 'G', 0, 500, 3, 7064, 0, '2024-05-02 13:14:14', NULL, NULL),
	(73308, 'GG', 0, 500, 2, 7064, 0, '2024-05-02 13:14:14', NULL, NULL),
	(73309, 'P', 0, 500, 2, 7066, 0, '2024-05-02 13:14:14', NULL, NULL),
	(73310, 'M', 0, 500, 5, 7066, 0, '2024-05-02 13:14:14', NULL, NULL),
	(73311, 'G', 0, 500, 6, 7066, 0, '2024-05-02 13:14:14', NULL, NULL),
	(73312, 'GG', 0, 500, 2, 7066, 0, '2024-05-02 13:14:14', NULL, NULL),
	(73313, 'P', 0, 500, 5, 7067, 0, '2024-05-02 13:14:14', NULL, NULL),
	(73314, 'M', 0, 500, 1, 7067, 0, '2024-05-02 13:14:14', NULL, NULL),
	(73315, 'G', 0, 500, 2, 7067, 0, '2024-05-02 13:14:14', NULL, NULL),
	(73316, 'GG', 0, 500, 4, 7067, 0, '2024-05-02 13:14:14', NULL, NULL),
	(73317, 'G', 0, 500, 5, 7068, 0, '2024-05-02 13:14:14', NULL, NULL),
	(73318, 'P', 0, 500, 6, 7068, 0, '2024-05-02 13:14:14', NULL, NULL),
	(73319, 'M', 0, 500, 5, 7068, 0, '2024-05-02 13:14:14', NULL, NULL),
	(73320, 'GG', 0, 500, 5, 7068, 0, '2024-05-02 13:14:14', NULL, NULL),
	(73321, 'M', 0, 500, 5, 7069, 0, '2024-05-02 13:14:14', NULL, NULL),
	(73322, 'P', 0, 500, 1, 7069, 0, '2024-05-02 13:14:14', NULL, NULL),
	(73323, 'G', 0, 500, 4, 7069, 0, '2024-05-02 13:14:14', NULL, NULL),
	(73324, 'GG', 0, 500, 4, 7069, 0, '2024-05-02 13:14:14', NULL, NULL),
	(73325, 'G', 0, 500, 5, 7070, 0, '2024-05-02 13:14:14', NULL, NULL),
	(73326, 'P', 0, 500, 5, 7070, 0, '2024-05-02 13:14:14', NULL, NULL),
	(73327, 'M', 0, 500, 3, 7070, 0, '2024-05-02 13:14:14', NULL, NULL),
	(73328, 'GG', 0, 500, 1, 7070, 0, '2024-05-02 13:14:14', NULL, NULL),
	(73329, 'P', 0, 500, 2, 7062, 0, '2024-05-02 13:14:14', NULL, NULL),
	(73330, 'M', 0, 500, 2, 7062, 0, '2024-05-02 13:14:14', NULL, NULL),
	(73331, 'G', 0, 500, 2, 7062, 0, '2024-05-02 13:14:14', NULL, NULL),
	(73332, 'P', 0, 500, 1, 7071, 0, '2024-05-02 13:14:14', NULL, NULL),
	(73333, 'M', 0, 500, 3, 7071, 0, '2024-05-02 13:14:14', NULL, NULL),
	(73334, 'G', 0, 500, 4, 7071, 0, '2024-05-02 13:14:14', NULL, NULL),
	(73335, 'GG', 0, 500, 6, 7071, 0, '2024-05-02 13:14:14', NULL, NULL),
	(73336, 'P', 0, 500, 5, 7074, 0, '2024-05-02 13:14:14', NULL, NULL),
	(73337, 'M', 0, 500, 5, 7074, 0, '2024-05-02 13:14:14', NULL, NULL),
	(73338, 'G', 0, 500, 1, 7074, 0, '2024-05-02 13:14:14', NULL, NULL),
	(73339, 'GG', 0, 500, 5, 7074, 0, '2024-05-02 13:14:14', NULL, NULL),
	(73340, 'M', 0, 500, 1, 7075, 0, '2024-05-02 13:14:14', NULL, NULL),
	(73341, 'G', 0, 500, 6, 7075, 0, '2024-05-02 13:14:14', NULL, NULL),
	(73342, 'P', 0, 500, 4, 7075, 0, '2024-05-02 13:14:14', NULL, NULL),
	(73343, 'GG', 0, 500, 6, 7075, 0, '2024-05-02 13:14:14', NULL, NULL),
	(73344, 'P', 0, 500, 1, 7076, 0, '2024-05-02 13:14:14', NULL, NULL),
	(73345, 'M', 0, 500, 3, 7076, 0, '2024-05-02 13:14:14', NULL, NULL),
	(73346, 'G', 0, 500, 1, 7076, 0, '2024-05-02 13:14:14', NULL, NULL),
	(73347, 'GG', 0, 500, 1, 7076, 0, '2024-05-02 13:14:14', NULL, NULL),
	(73348, 'M', 0, 500, 2, 7073, 0, '2024-05-02 13:14:14', NULL, NULL),
	(73349, 'P', 0, 500, 1, 7073, 0, '2024-05-02 13:14:14', NULL, NULL),
	(73350, 'G', 0, 500, 3, 7073, 0, '2024-05-02 13:14:14', NULL, NULL),
	(73351, 'GG', 0, 500, 1, 7073, 0, '2024-05-02 13:14:14', NULL, NULL),
	(73352, 'P', 0, 500, 2, 7072, 0, '2024-05-02 13:14:14', NULL, NULL),
	(73353, 'M', 0, 500, 5, 7072, 0, '2024-05-02 13:14:14', NULL, NULL),
	(73354, 'G', 0, 500, 5, 7072, 0, '2024-05-02 13:14:14', NULL, NULL),
	(73355, 'GG', 0, 500, 1, 7072, 0, '2024-05-02 13:14:14', NULL, NULL),
	(200633, 'M', 0, 100, 1, 56701, 0, '2024-07-04 14:30:28', NULL, NULL),
	(200634, 'P', 0, 100, 1, 56701, 0, '2024-07-04 14:30:28', NULL, NULL),
	(200635, 'P', 0, 100, 1, 56702, 0, '2024-07-04 14:45:56', NULL, NULL),
	(200636, 'M', 0, 100, 1, 56702, 0, '2024-07-04 14:45:56', NULL, NULL),
	(200637, 'P', 0, 100, 1, 56703, 0, '2024-07-04 14:49:01', NULL, NULL),
	(200638, 'M', 0, 100, 1, 56703, 0, '2024-07-04 14:49:01', NULL, NULL),
	(200639, 'P', 0, 100, 1, 56704, 0, '2024-07-04 15:11:32', NULL, NULL),
	(200640, 'M', 0, 100, 1, 56704, 0, '2024-07-04 15:11:32', NULL, NULL),
	(201012, 'P', 0, 100, 1, 56811, 0, '2024-08-22 16:31:25', NULL, NULL),
	(201013, 'G', 0, 100, 1, 56811, 0, '2024-08-22 16:31:25', NULL, NULL),
	(201014, 'M', 0, 100, 1, 56811, 0, '2024-08-22 16:31:25', NULL, NULL),
	(201015, 'GG', 0, 100, 1, 56811, 0, '2024-08-22 16:31:25', NULL, NULL),
	(201016, 'P', 0, 100, 1, 56812, 0, '2024-08-22 16:34:39', NULL, NULL),
	(201017, 'M', 0, 100, 1, 56812, 0, '2024-08-22 16:34:39', NULL, NULL),
	(201018, 'G', 0, 100, 1, 56812, 0, '2024-08-22 16:34:39', NULL, NULL),
	(201019, 'GG', 0, 100, 1, 56812, 0, '2024-08-22 16:34:39', NULL, NULL),
	(201020, 'G', 0, 100, 1, 56813, 0, '2024-08-22 16:40:02', NULL, NULL),
	(201021, 'GG', 0, 100, 1, 56813, 0, '2024-08-22 16:40:02', NULL, NULL),
	(201022, 'M', 0, 100, 1, 56813, 0, '2024-08-22 16:40:02', NULL, NULL),
	(201023, 'P', 0, 100, 1, 56813, 0, '2024-08-22 16:40:02', NULL, NULL),
	(201024, 'M', 0, 100, 1, 56814, 0, '2024-08-22 16:40:21', NULL, NULL),
	(201025, 'GG', 0, 100, 1, 56814, 0, '2024-08-22 16:40:21', NULL, NULL),
	(201026, 'G', 0, 100, 1, 56814, 0, '2024-08-22 16:40:21', NULL, NULL),
	(201027, 'P', 0, 100, 1, 56814, 0, '2024-08-22 16:40:21', NULL, NULL),
	(201028, 'P', 0, 100, 1, 56815, 0, '2024-08-22 16:40:41', NULL, NULL),
	(201029, 'M', 0, 100, 1, 56815, 0, '2024-08-22 16:40:41', NULL, NULL),
	(201030, 'G', 0, 100, 1, 56815, 0, '2024-08-22 16:40:41', NULL, NULL),
	(201031, 'GG', 0, 100, 1, 56815, 0, '2024-08-22 16:40:41', NULL, NULL),
	(201032, 'P', 0, 100, 1, 56816, 0, '2024-08-22 16:41:53', NULL, NULL),
	(201033, 'M', 0, 100, 1, 56816, 0, '2024-08-22 16:41:53', NULL, NULL),
	(201034, 'G', 0, 100, 1, 56816, 0, '2024-08-22 16:41:53', NULL, NULL),
	(201035, 'GG', 0, 100, 1, 56816, 0, '2024-08-22 16:41:53', NULL, NULL),
	(201036, 'P', 0, 100, 1, 56817, 0, '2024-08-22 16:44:58', NULL, NULL),
	(201037, 'M', 0, 100, 1, 56817, 0, '2024-08-22 16:44:58', NULL, NULL),
	(201038, 'G', 0, 100, 1, 56817, 0, '2024-08-22 16:44:58', NULL, NULL),
	(201039, 'GG', 0, 100, 1, 56817, 0, '2024-08-22 16:44:58', NULL, NULL),
	(201040, 'P', 0, 100, 1, 56818, 0, '2024-08-22 16:45:25', NULL, NULL),
	(201041, 'G', 0, 100, 1, 56818, 0, '2024-08-22 16:45:25', NULL, NULL),
	(201042, 'M', 0, 100, 1, 56818, 0, '2024-08-22 16:45:25', NULL, NULL),
	(201043, 'GG', 0, 100, 1, 56818, 0, '2024-08-22 16:45:25', NULL, NULL),
	(201044, 'P', 0, 100, 1, 56819, 0, '2024-08-22 17:06:04', NULL, NULL),
	(201045, 'M', 0, 100, 1, 56819, 0, '2024-08-22 17:06:04', NULL, NULL),
	(201046, 'GG', 0, 100, 1, 56819, 0, '2024-08-22 17:06:04', NULL, NULL),
	(201047, 'G', 0, 100, 1, 56819, 0, '2024-08-22 17:06:04', NULL, NULL),
	(201048, 'P', 0, 100, 1, 56820, 0, '2024-08-22 17:22:38', NULL, NULL),
	(201049, 'M', 0, 100, 1, 56820, 0, '2024-08-22 17:22:38', NULL, NULL),
	(201050, 'G', 0, 100, 1, 56820, 0, '2024-08-22 17:22:38', NULL, NULL),
	(201051, 'GG', 0, 100, 1, 56820, 0, '2024-08-22 17:22:38', NULL, NULL),
	(201052, 'P', 0, 100, 1, 56821, 0, '2024-08-22 18:13:49', NULL, NULL),
	(201053, 'G', 0, 100, 1, 56821, 0, '2024-08-22 18:13:49', NULL, NULL),
	(201054, 'M', 0, 100, 1, 56821, 0, '2024-08-22 18:13:49', NULL, NULL),
	(201055, 'GG', 0, 100, 1, 56821, 0, '2024-08-22 18:13:49', NULL, NULL),
	(201056, 'P', 0, 100, 1, 56822, 0, '2024-08-22 18:14:34', NULL, NULL),
	(201057, 'M', 0, 100, 1, 56822, 0, '2024-08-22 18:14:34', NULL, NULL),
	(201058, 'GG', 0, 100, 1, 56822, 0, '2024-08-22 18:14:34', NULL, NULL),
	(201059, 'G', 0, 100, 1, 56822, 0, '2024-08-22 18:14:34', NULL, NULL),
	(201060, 'P', 0, 100, 1, 56823, 0, '2024-08-22 18:15:27', NULL, NULL),
	(201061, 'G', 0, 100, 1, 56823, 0, '2024-08-22 18:15:27', NULL, NULL),
	(201062, 'M', 0, 100, 1, 56823, 0, '2024-08-22 18:15:27', NULL, NULL),
	(201063, 'GG', 0, 100, 1, 56823, 0, '2024-08-22 18:15:27', NULL, NULL),
	(201064, 'UNICO', 0, 100, 1, 56824, 0, '2024-08-22 18:17:12', NULL, NULL),
	(201065, 'UNICO', 0, 100, 1, 56825, 0, '2024-08-22 18:17:55', NULL, NULL),
	(201066, 'UNICO', 0, 100, 1, 56826, 0, '2024-08-22 18:18:24', NULL, NULL),
	(201067, 'P', 0, 100, 1, 56827, 0, '2024-08-22 18:19:14', NULL, NULL),
	(201068, 'M', 0, 100, 1, 56827, 0, '2024-08-22 18:19:14', NULL, NULL),
	(201069, 'G', 0, 100, 1, 56827, 0, '2024-08-22 18:19:14', NULL, NULL),
	(201070, 'GG', 0, 100, 1, 56827, 0, '2024-08-22 18:19:14', NULL, NULL),
	(201071, 'M', 0, 100, 1, 56828, 0, '2024-08-22 18:20:02', NULL, NULL),
	(201072, 'GG', 0, 100, 1, 56828, 0, '2024-08-22 18:20:02', NULL, NULL),
	(201073, 'P', 0, 100, 1, 56828, 0, '2024-08-22 18:20:02', NULL, NULL),
	(201074, 'G', 0, 100, 1, 56828, 0, '2024-08-22 18:20:02', NULL, NULL),
	(201075, 'P', 0, 100, 1, 56829, 0, '2024-08-22 18:28:25', NULL, NULL),
	(201076, 'M', 0, 100, 1, 56829, 0, '2024-08-22 18:28:25', NULL, NULL),
	(201077, 'G', 0, 100, 1, 56829, 0, '2024-08-22 18:28:25', NULL, NULL),
	(201078, 'GG', 0, 100, 1, 56829, 0, '2024-08-22 18:28:25', NULL, NULL),
	(201079, 'P', 0, 100, 1, 56830, 0, '2024-08-22 18:28:48', NULL, NULL),
	(201080, 'M', 0, 100, 1, 56830, 0, '2024-08-22 18:28:48', NULL, NULL),
	(201081, 'G', 0, 100, 1, 56830, 0, '2024-08-22 18:28:48', NULL, NULL),
	(201082, 'GG', 0, 100, 1, 56830, 0, '2024-08-22 18:28:48', NULL, NULL),
	(201083, 'M', 0, 100, 1, 56831, 0, '2024-08-22 18:29:14', NULL, NULL),
	(201084, 'P', 0, 100, 1, 56831, 0, '2024-08-22 18:29:14', NULL, NULL),
	(201085, 'G', 0, 100, 1, 56831, 0, '2024-08-22 18:29:14', NULL, NULL),
	(201086, 'GG', 0, 100, 1, 56831, 0, '2024-08-22 18:29:14', NULL, NULL),
	(201087, 'P', 0, 100, 1, 56832, 0, '2024-08-22 18:30:17', NULL, NULL),
	(201088, 'M', 0, 100, 1, 56832, 0, '2024-08-22 18:30:17', NULL, NULL),
	(201089, 'G', 0, 100, 1, 56832, 0, '2024-08-22 18:30:17', NULL, NULL),
	(201090, 'GG', 0, 100, 1, 56832, 0, '2024-08-22 18:30:17', NULL, NULL),
	(201091, 'P', 0, 100, 1, 56833, 0, '2024-08-22 18:31:04', NULL, NULL),
	(201092, 'M', 0, 100, 1, 56833, 0, '2024-08-22 18:31:04', NULL, NULL),
	(201093, 'G', 0, 100, 1, 56833, 0, '2024-08-22 18:31:04', NULL, NULL),
	(201094, 'GG', 0, 100, 1, 56833, 0, '2024-08-22 18:31:04', NULL, NULL),
	(201095, 'P', 0, 100, 1, 56834, 0, '2024-08-22 18:31:31', NULL, NULL),
	(201096, 'M', 0, 100, 1, 56834, 0, '2024-08-22 18:31:31', NULL, NULL),
	(201097, 'GG', 0, 100, 1, 56834, 0, '2024-08-22 18:31:31', NULL, NULL),
	(201098, 'G', 0, 100, 1, 56834, 0, '2024-08-22 18:31:31', NULL, NULL),
	(201099, 'P', 0, 100, 1, 56835, 0, '2024-08-22 18:31:56', NULL, NULL),
	(201100, 'M', 0, 100, 1, 56835, 0, '2024-08-22 18:31:56', NULL, NULL),
	(201101, 'GG', 0, 100, 1, 56835, 0, '2024-08-22 18:31:56', NULL, NULL),
	(201102, 'G', 0, 100, 1, 56835, 0, '2024-08-22 18:31:56', NULL, NULL),
	(201103, 'P', 0, 100, 1, 56836, 0, '2024-08-22 18:32:24', NULL, NULL),
	(201104, 'M', 0, 100, 1, 56836, 0, '2024-08-22 18:32:24', NULL, NULL),
	(201105, 'G', 0, 100, 1, 56836, 0, '2024-08-22 18:32:24', NULL, NULL),
	(201106, 'GG', 0, 100, 1, 56836, 0, '2024-08-22 18:32:24', NULL, NULL),
	(201107, '36', 0, 100, 1, 56837, 0, '2024-08-22 18:33:39', NULL, NULL),
	(201108, '37', 0, 100, 1, 56837, 0, '2024-08-22 18:33:39', NULL, NULL),
	(201109, '38', 0, 100, 1, 56837, 0, '2024-08-22 18:33:39', NULL, NULL),
	(201110, '39', 0, 100, 1, 56837, 0, '2024-08-22 18:33:39', NULL, NULL),
	(201111, '38', 0, 100, 1, 56838, 0, '2024-08-22 18:33:55', NULL, NULL),
	(201112, '39', 0, 100, 1, 56838, 0, '2024-08-22 18:33:55', NULL, NULL),
	(201113, '36', 0, 100, 1, 56838, 0, '2024-08-22 18:33:55', NULL, NULL),
	(201114, '37', 0, 100, 1, 56838, 0, '2024-08-22 18:33:55', NULL, NULL),
	(201115, '37', 0, 100, 1, 56839, 0, '2024-08-22 18:34:12', NULL, NULL),
	(201116, '36', 0, 100, 1, 56839, 0, '2024-08-22 18:34:12', NULL, NULL),
	(201117, '38', 0, 100, 1, 56839, 0, '2024-08-22 18:34:12', NULL, NULL),
	(201118, '39', 0, 100, 1, 56839, 0, '2024-08-22 18:34:12', NULL, NULL),
	(201119, '36', 0, 100, 1, 56840, 0, '2024-08-22 18:34:45', NULL, NULL),
	(201120, '37', 0, 100, 1, 56840, 0, '2024-08-22 18:34:45', NULL, NULL),
	(201121, '38', 0, 100, 1, 56840, 0, '2024-08-22 18:34:45', NULL, NULL),
	(201122, '39', 0, 100, 1, 56840, 0, '2024-08-22 18:34:45', NULL, NULL),
	(201123, '36', 0, 100, 1, 56841, 0, '2024-08-22 18:35:03', NULL, NULL),
	(201124, '37', 0, 100, 1, 56841, 0, '2024-08-22 18:35:03', NULL, NULL),
	(201125, '38', 0, 100, 1, 56841, 0, '2024-08-22 18:35:03', NULL, NULL),
	(201126, '39', 0, 100, 1, 56841, 0, '2024-08-22 18:35:03', NULL, NULL),
	(201130, 'P', 0, 50, 1, 56854, 0, '2024-09-03 13:17:58', NULL, '20'),
	(201131, 'M', 0, 50, 1, 56854, 0, '2024-09-03 13:17:58', NULL, '50'),
	(201132, 'P', 0, 50, 1, 56855, 0, '2024-09-03 13:46:16', NULL, '20'),
	(201133, 'M', 0, 50, 1, 56855, 0, '2024-09-03 13:46:16', NULL, '50'),
	(201134, 'P', 0, 50, 1, 56856, 0, '2024-09-03 13:48:43', NULL, '20'),
	(201135, 'M', 0, 50, 1, 56856, 0, '2024-09-03 13:48:43', NULL, '50'),
	(201136, 'M', 0, 100, 1, 56857, 0, '2024-09-03 14:20:43', NULL, NULL),
	(201137, 'P', 0, 100, 1, 56857, 0, '2024-09-03 14:20:43', NULL, NULL),
	(201138, 'P', 0, 100, 1, 56858, 0, '2024-09-03 14:52:18', NULL, NULL),
	(201139, 'M', 0, 100, 1, 56858, 0, '2024-09-03 14:52:18', NULL, NULL),
	(201142, 'P', 0, 100, 1, 56860, 0, '2024-09-03 16:23:07', NULL, NULL),
	(201143, 'M', 0, 100, 1, 56860, 0, '2024-09-03 16:23:07', NULL, NULL),
	(201144, 'P', 0, 100, 1, 56861, 0, '2024-09-03 16:27:06', NULL, NULL),
	(201145, 'M', 0, 100, 1, 56861, 0, '2024-09-03 16:27:06', NULL, NULL),
	(201146, 'P', 0, 50, 1, 56862, 0, '2024-09-03 16:28:54', NULL, '20'),
	(201147, 'M', 0, 50, 1, 56862, 0, '2024-09-03 16:28:54', NULL, '50'),
	(201148, 'P', 0, 100, 1, 56863, 0, '2024-09-03 16:30:50', NULL, NULL),
	(201149, 'M', 0, 100, 1, 56863, 0, '2024-09-03 16:30:50', NULL, NULL),
	(201150, 'M', 0, 50, 1, 56864, 0, '2024-09-03 16:35:02', NULL, '50'),
	(201151, 'P', 0, 50, 1, 56864, 0, '2024-09-03 16:35:02', NULL, '20'),
	(201152, 'P', 0, 50, 1, 56865, 0, '2024-09-03 16:36:13', NULL, '20'),
	(201153, 'M', 0, 50, 1, 56865, 0, '2024-09-03 16:36:13', NULL, '50'),
	(201154, 'P', 0, 100, 1, 56866, 0, '2024-09-03 16:36:20', NULL, NULL),
	(201155, 'M', 0, 100, 1, 56866, 0, '2024-09-03 16:36:20', NULL, NULL),
	(201156, 'P', 0, 100, 1, 56867, 0, '2024-09-03 16:36:55', NULL, NULL),
	(201157, 'M', 0, 100, 1, 56867, 0, '2024-09-03 16:36:55', NULL, NULL),
	(201158, 'P', 0, 100, 1, 56868, 0, '2024-09-03 16:39:16', NULL, NULL),
	(201159, 'M', 0, 100, 1, 56868, 0, '2024-09-03 16:39:16', NULL, NULL),
	(201160, 'P', 0, 100, 1, 56869, 0, '2024-09-03 16:48:51', NULL, NULL),
	(201161, 'M', 0, 100, 1, 56869, 0, '2024-09-03 16:48:51', NULL, NULL),
	(201162, 'M', 0, 100, 1, 56870, 0, '2024-09-03 16:51:26', NULL, NULL),
	(201163, 'P', 0, 100, 1, 56870, 0, '2024-09-03 16:51:26', NULL, NULL),
	(201164, 'P', 0, 100, 1, 56871, 0, '2024-09-03 16:52:13', NULL, NULL),
	(201165, 'M', 0, 100, 1, 56871, 0, '2024-09-03 16:52:13', NULL, NULL),
	(201166, 'P', 0, 100, 1, 56872, 0, '2024-09-03 16:54:17', NULL, NULL),
	(201167, 'M', 0, 100, 1, 56872, 0, '2024-09-03 16:54:17', NULL, NULL),
	(201168, 'P', 0, 100, 1, 56873, 0, '2024-09-03 16:59:47', NULL, NULL),
	(201169, 'M', 0, 100, 1, 56873, 0, '2024-09-03 16:59:47', NULL, NULL),
	(201170, 'P', 0, 100, 1, 56874, 0, '2024-09-03 17:01:56', NULL, NULL),
	(201171, 'M', 0, 100, 1, 56874, 0, '2024-09-03 17:01:56', NULL, NULL),
	(201172, 'P', 0, 50, 1, 56875, 0, '2024-09-03 17:03:59', NULL, '20'),
	(201173, 'M', 0, 50, 1, 56875, 0, '2024-09-03 17:03:59', NULL, '50'),
	(201174, 'P', 0, 50, 1, 56876, 0, '2024-09-03 17:04:35', NULL, '20'),
	(201175, 'M', 0, 50, 1, 56876, 0, '2024-09-03 17:04:35', NULL, '50'),
	(201176, 'P', 0, 100, 1, 56877, 0, '2024-09-03 17:11:24', NULL, NULL),
	(201177, 'M', 0, 100, 1, 56877, 0, '2024-09-03 17:11:24', NULL, NULL),
	(201178, 'P', 0, 100, 1, 56878, 0, '2024-09-03 17:14:01', NULL, NULL),
	(201179, 'M', 0, 100, 1, 56878, 0, '2024-09-03 17:14:01', NULL, NULL),
	(201180, 'M', 0, 100, 1, 56879, 0, '2024-09-03 17:15:13', NULL, NULL),
	(201181, 'P', 0, 100, 1, 56879, 0, '2024-09-03 17:15:13', NULL, NULL);

/*!40103 SET TIME_ZONE=IFNULL(@OLD_TIME_ZONE, 'system') */;
/*!40101 SET SQL_MODE=IFNULL(@OLD_SQL_MODE, '') */;
/*!40014 SET FOREIGN_KEY_CHECKS=IFNULL(@OLD_FOREIGN_KEY_CHECKS, 1) */;
/*!40101 SET CHARACTER_SET_CLIENT=@OLD_CHARACTER_SET_CLIENT */;
/*!40111 SET SQL_NOTES=IFNULL(@OLD_SQL_NOTES, 1) */;
